scene,variant,threshold,smooth_sigma,close_iters,open_iters,min_component_voxels,shape,alpha_max,alpha_mean,source_alpha_mean,source_alpha_p95,occupied_voxels,occupied_ratio,raw_reference_recall,raw_reference_precision,raw_reference_iou,shell_voxels,shell_ratio_total,shell_ratio_occupied,interior_ratio_occupied,sdf_inside_abs_p50,sdf_inside_abs_p90,sdf_outside_near_abs_p50,sdf_outside_near_abs_p90,shell_grad_mag_mean,shell_grad_mag_p95,component_count,largest_component_fraction,top5_component_fraction,small_component_fraction,removed_component_voxels
3dfront_1000_01,raw_thr001,0.01,0.0,0,0,0,117x160x89,1.0,0.10182319581508636,0.10182319581508636,0.661592853069304,524388,0.31474358974358974,1.0,1.0,1.0,315161,0.18916318544127533,0.6010072694264552,0.3989927305735448,1.7320507764816284,3.7416574954986572,6.324555397033691,16.0,0.20453384518623352,0.5280507802963257,430,0.9973817097263858,0.998474412076554,0.0,0
3dfront_1000_01,smooth075_thr001,0.01,0.75,0,0,0,117x160x89,1.0,0.10182319581508636,0.10182319581508636,0.5498834341764447,661274,0.3969041102468069,0.9983104113747836,0.7916567111363821,0.790597438685514,208777,0.12531030922884856,0.3157193538533195,0.6842806461466805,3.605551242828369,8.124038696289062,7.549834251403809,16.0,0.08100716769695282,0.2233479887247084,73,0.9974912063683132,0.9996219418879315,0.0,0
3dfront_1000_01,smooth100_thr001,0.01,1.0,0,0,0,117x160x89,1.0,0.10182319581508636,0.10182321071624756,0.52274956703186,694940,0.4171108230096994,0.9977745486166731,0.7529009698679022,0.7516387566853946,193398,0.1160796600403342,0.2782945290240884,0.7217054709759116,4.123105525970459,9.486832618713379,8.0,16.0,0.05784911662340164,0.15183546915650367,27,0.9972976084266267,0.9998057386249173,0.0,0
3dfront_1000_01,smooth100_thr002,0.02,1.0,0,0,0,117x160x89,1.0,0.10182319581508636,0.10182321071624756,0.52274956703186,652467,0.3916180495534428,0.9924273629449949,0.7976142854734416,0.7927892657036918,196549,0.11797092576586958,0.30123975618690296,0.6987602438130971,4.0,8.5440034866333,8.062257766723633,16.0,0.06697502732276917,0.16368900239467624,14,0.9959078390171457,0.9997777665383843,0.0,0
3dfront_1000_01,smooth100_thr001_min64,0.01,1.0,0,0,64,117x160x89,1.0,0.10182319581508636,0.10182321071624756,0.52274956703186,694805,0.41702979448765964,0.9976105479149027,0.7529234821280791,0.7515681164500659,193263,0.11599863151829444,0.278154302286253,0.7218456977137471,4.123105525970459,9.486832618713379,8.062257766723633,16.0,0.057884566485881805,0.15186835527420045,27,0.9972976084266267,0.9998057386249173,0.00019426137508274095,135
3dfront_1000_01,smooth100_thr001_min256,0.01,1.0,0,0,256,117x160x89,1.0,0.10182319581508636,0.10182321071624756,0.52274956703186,694489,0.4168401277249592,0.9973798027414815,0.7530918416274411,0.7516048417576449,192962,0.1158179679247095,0.2778474533073958,0.7221525466926042,4.123105525970459,9.486832618713379,8.062257766723633,16.0,0.05795160308480263,0.15190732777118682,27,0.9972976084266267,0.9998057386249173,0.0006489768900912309,451
3dfront_1000_01,smooth100_thr001_close1_min64,0.01,1.0,1,0,64,117x160x89,1.0,0.10182319581508636,0.10182321071624756,0.52274956703186,628334,0.3771331508691059,0.8712880538837654,0.7271498916181521,0.6566167837212878,173550,0.10416666666666667,0.2762066034943199,0.7237933965056801,3.0,6.7082037925720215,7.211102485656738,16.0,0.05647551640868187,0.1507240429520605,12,0.9995051017485344,0.9999474866807126,0.00012412239104281903,78
3dfront_0053_00,raw_thr001,0.01,0.0,0,0,0,95x160x85,1.0,0.08282823860645294,0.08282823860645294,0.5552295506000524,338093,0.26168188854489166,1.0,1.0,1.0,272403,0.21083823529411766,0.8057043476203293,0.19429565237967072,1.0,2.4494898319244385,3.7416574954986572,13.892443656921387,0.2256401777267456,0.532506650686264,284,0.99574081687583,0.9970096985149056,0.0,0
3dfront_0053_00,smooth075_thr001,0.01,0.75,0,0,0,95x160x85,1.0,0.08282823860645294,0.08282825350761414,0.4528475463390351,525996,0.40711764705882353,0.9991422478430491,0.6422159103871512,0.6418620293908636,241540,0.18695046439628482,0.45920501296587807,0.540794987034122,2.2360680103302,5.0,4.358899116516113,14.177447319030762,0.08916149288415909,0.2285855017602443,70,0.9963687936790394,0.9983859192845573,0.0,0
3dfront_0053_00,smooth100_thr001,0.01,1.0,0,0,0,95x160x85,1.0,0.08282823860645294,0.08282826095819473,0.4212686896324158,577601,0.44705959752321983,0.9984856237780729,0.5844536280234972,0.5839360125096651,219506,0.16989628482972136,0.380030505487352,0.6199694945126479,2.8284270763397217,6.0,4.898979663848877,14.525838851928711,0.06049604341387749,0.15438010171055794,32,0.9986703624128075,0.9995550561719941,0.0,0
3dfront_0053_00,smooth100_thr002,0.02,1.0,0,0,0,95x160x85,1.0,0.08282823860645294,0.08282826095819473,0.4212686896324158,522235,0.40420665634674924,0.9929250235881844,0.6428159736517085,0.6398850993181823,223556,0.173030959752322,0.42807548325945216,0.5719245167405478,2.4494898319244385,5.385164737701416,4.898979663848877,14.866068840026855,0.07382339239120483,0.16839389130473137,26,0.9967390159602478,0.9989813015213458,0.0,0
3dfront_0053_00,smooth100_thr001_min64,0.01,1.0,0,0,64,95x160x85,1.0,0.08282823860645294,0.08282826095819473,0.4212686896324158,577270,0.44680340557275544,0.9979798457820777,0.5844925251615362,0.5838017970319386,219177,0.16964164086687306,0.37967848667001575,0.6203215133299842,2.8284270763397217,6.0,5.0,14.899664878845215,0.06057028844952583,0.1544134825468063,32,0.9986703624128075,0.9995550561719941,0.0005730599496884528,331
3dfront_0053_00,smooth100_thr001_min256,0.01,1.0,0,0,256,95x160x85,1.0,0.08282823860645294,0.08282826095819473,0.4212686896324158,576833,0.44646517027863775,0.9974740677860825,0.5846388816173832,0.583774604586913,218792,0.169343653250774,0.3792986878351273,0.6207013121648727,2.8284270763397217,6.0,5.0,14.966629981994629,0.06064288318157196,0.15451472997665405,32,0.9986703624128075,0.9995550561719941,0.001329637587192543,768
3dfront_0053_00,smooth100_thr001_close1_min64,0.01,1.0,1,0,64,95x160x85,1.0,0.08282823860645294,0.08282826095819473,0.4212686896324158,544940,0.42178018575851395,0.8771196091016377,0.544184680882299,0.5056361202758809,179217,0.13871284829721361,0.32887473850332144,0.6711252614966785,2.2360680103302,5.099019527435303,4.582575798034668,14.696938514709473,0.05767672881484032,0.1549733936786651,20,0.9992937529235877,0.999827565648876,0.00035770955818283546,195
3dfront_1003_03,raw_thr001,0.01,0.0,0,0,0,160x110x84,1.0,0.09865285456180573,0.09865285456180573,0.6192526906728745,512457,0.3466294642857143,1.0,1.0,1.0,386679,0.2615523538961039,0.7545589190897968,0.24544108091020322,1.4142135381698608,2.8284270763397217,3.7416574954986572,14.491376876831055,0.20415882766246796,0.5332827210426331,352,0.9974866183894454,0.9983764491459771,0.0,0
3dfront_1003_03,smooth075_thr001,0.01,0.75,0,0,0,160x110x84,1.0,0.09865285456180573,0.09865285456180573,0.4968435361981393,713418,0.4825608766233766,0.9984096226610233,0.717170018138034,0.7163516667530063,264259,0.17874661796536798,0.37041257719878107,0.6295874228012189,3.0,5.74456262588501,5.0,15.36229133605957,0.07836321741342545,0.2148030921816826,58,0.9983586060346108,0.9996411640861318,0.0,0
3dfront_1003_03,smooth100_thr001,0.01,1.0,0,0,0,160x110x84,1.0,0.09865285456180573,0.09865283221006393,0.4628358721733094,760060,0.5141098484848485,0.9978905547197131,0.672810041312528,0.6718544921374621,228965,0.1548735119047619,0.3012459542667684,0.6987540457332315,3.605551242828369,7.211102485656738,5.385164737701416,15.779733657836914,0.055317483842372894,0.14594779014587397,17,0.9995395100386811,0.9999447412046417,0.0,0
3dfront_1003_03,smooth100_thr002,0.02,1.0,0,0,0,160x110x84,1.0,0.09865285456180573,0.09865283221006393,0.4628358721733094,703170,0.47562905844155845,0.991521239830854,0.7226019312541775,0.7181642792025611,243297,0.16456777597402597,0.34600025598361706,0.653999744016383,3.0,6.164413928985596,5.196152210235596,16.0,0.06548839807510376,0.15894051492214198,23,0.9981796720565439,0.9994723893226389,0.0,0
3dfront_1003_03,smooth100_thr001_min64,0.01,1.0,0,0,64,160x110x84,1.0,0.09865285456180573,0.09865283221006393,0.4628358721733094,759916,0.5140124458874459,0.9977520065098144,0.6728441038220013,0.6718256450146374,228823,0.15477746212121213,0.30111617599839985,0.6988838240016002,3.605551242828369,7.211102485656738,5.385164737701416,15.81138801574707,0.055343516170978546,0.1459766238927841,17,0.9995395100386811,0.9999447412046417,0.0001894587269426098,144
3dfront_1003_03,smooth100_thr001_min256,0.01,1.0,0,0,256,160x110x84,1.0,0.09865285456180573,0.09865283221006393,0.4628358721733094,759710,0.5138731060606061,0.99762906936582,0.6729436232246515,0.6718691066793705,228633,0.1546489448051948,0.30094773005488934,0.6990522699451107,3.605551242828369,7.211102485656738,5.385164737701416,15.81138801574707,0.05537082999944687,0.14600840210914612,17,0.9995395100386811,0.9999447412046417,0.00046048996131884323,350
3dfront_1003_03,smooth100_thr001_close1_min64,0.01,1.0,1,0,64,160x110x84,1.0,0.09865285456180573,0.09865283221006393,0.4628358721733094,707988,0.478887987012987,0.8845776328550493,0.640276388865348,0.5909087946481528,187449,0.12679180194805195,0.2647629620841031,0.7352370379158969,3.0,5.916079998016357,5.0,15.394804000854492,0.05490744113922119,0.14909176528453827,9,0.9995989063135535,0.9999844646811588,0.00010733493017580331,76
3dfront_0092_00,raw_thr001,0.01,0.0,0,0,0,160x152x109,1.0,0.08498746156692505,0.08498746156692505,0.5482357800006848,760886,0.2870314763399324,1.0,1.0,1.0,530032,0.19994567841622404,0.6965984391879992,0.30340156081200076,1.4142135381698608,3.0,5.916079998016357,16.0,0.17782247066497803,0.4958948418498037,581,0.9875750112369002,0.9971822322923539,0.0,0
3dfront_0092_00,smooth075_thr001,0.01,0.75,0,0,0,160x152x109,1.0,0.08498746156692505,0.08498744666576385,0.4846827879548069,1003890,0.37870065789473684,0.9986450006965564,0.7569106176971581,0.7561340642697286,337471,0.12730527221149204,0.3361633246670452,0.6638366753329548,3.1622776985168457,7.211102485656738,7.071067810058594,16.0,0.0766015499830246,0.21677511185407639,153,0.9851248642779588,0.9981701182400462,0.0,0
3dfront_0092_00,smooth100_thr001,0.01,1.0,0,0,0,160x152x109,1.0,0.08498746156692505,0.08498740941286087,0.46241095662117004,1061336,0.4003711974891357,0.9976461651285475,0.7152259039550152,0.7140209965507414,305540,0.11525983824239498,0.28788244250642586,0.7121175574935741,3.7416574954986572,8.366600036621094,7.348469257354736,16.0,0.05580367147922516,0.14954668506979943,59,0.9849397363323208,0.998760995575388,0.0,0
3dfront_0092_00,smooth100_thr002,0.02,1.0,0,0,0,160x152x109,1.0,0.08498746156692505,0.08498740941286087,0.46241095662117004,982668,0.37069501448575565,0.9910972208714578,0.767412798625782,0.7621588733852009,312292,0.11780691694833414,0.31780011153309157,0.6821998884669085,3.1622776985168457,7.348469257354736,7.681145668029785,16.0,0.06614090502262115,0.16201528087258352,53,0.9885383466236817,0.9989609919118155,0.0,0
3dfront_0092_00,smooth100_thr001_min64,0.01,1.0,0,0,64,160x152x109,1.0,0.08498746156692505,0.08498740941286087,0.46241095662117004,1060761,0.40015428838725253,0.9972702875332179,0.7153439841773972,0.7139460576306078,304968,0.11504406084017382,0.2874992576084528,0.7125007423915473,3.7416574954986572,8.366600036621094,7.8102498054504395,16.0,0.05588958412408829,0.14961832836270314,59,0.9849397363323208,0.998760995575388,0.000541769995552775,575
3dfront_0092_00,smooth100_thr001_min256,0.01,1.0,0,0,256,160x152x109,1.0,0.08498746156692505,0.08498740941286087,0.46241095662117004,1060021,0.39987513580395945,0.9968970384525409,0.7155754461468217,0.7139851767066837,304257,0.11477584802028006,0.2870292192324492,0.7129707807675508,3.7416574954986572,8.366600036621094,8.0,16.0,0.05598503351211548,0.14969169795513154,59,0.9849397363323208,0.998760995575388,0.0012390044246119985,1315
3dfront_0092_00,smooth100_thr001_close1_min64,0.01,1.0,1,0,64,160x152x109,1.0,0.08498746156692505,0.08498740941286087,0.46241095662117004,989527,0.37328245714630615,0.8945242782755892,0.687834692737035,0.6362333634329237,261717,0.09872834681313375,0.2644869720583673,0.7355130279416326,3.0,6.0,7.141428470611572,16.0,0.05491526052355766,0.1482276529073715,31,0.9870005344875841,0.9995766535014999,0.00020813694198334299,206
3dfront_0045_00,raw_thr001,0.01,0.0,0,0,0,156x160x111,1.0,0.08071185648441315,0.08071185648441315,0.5460916489362708,725081,0.2617091851466851,1.0,1.0,1.0,533266,0.19247588935088936,0.7354571420296491,0.26454285797035093,1.4142135381698608,2.8284270763397217,5.4772257804870605,16.0,0.20187631249427795,0.5176526457071304,623,0.9889198586089002,0.9965203887565665,0.0,0
3dfront_0045_00,smooth075_thr001,0.01,0.75,0,0,0,156x160x111,1.0,0.08071185648441315,0.08071187883615494,0.4694135740399359,1019406,0.3679422210672211,0.9983822497072741,0.7101272701946035,0.7093110871377913,386536,0.139515477015477,0.3791776779810988,0.6208223220189012,2.8284270763397217,5.74456262588501,7.0,16.0,0.07912781834602356,0.21380195394158363,184,0.987091502306245,0.9976702118684803,0.0,0
3dfront_0045_00,smooth100_thr001,0.01,1.0,0,0,0,156x160x111,1.0,0.08071185648441315,0.08071180433034897,0.44395562857389403,1096910,0.39591634904134904,0.997498210544753,0.659367678296305,0.658279058253028,346394,0.1250267094017094,0.3157907212077563,0.6842092787922437,3.1622776985168457,6.557438373565674,7.4833149909973145,16.0,0.055448099970817566,0.1449132628738879,73,0.9871666773026045,0.9981347603723186,0.0,0
3dfront_0045_00,smooth100_thr002,0.02,1.0,0,0,0,156x160x111,1.0,0.08071185648441315,0.08071180433034897,0.44395562857389403,1002835,0.3619611197736198,0.9903238396813597,0.7160350406597297,0.7110603445458785,357988,0.12921142296142296,0.35697597311621554,0.6430240268837845,2.8284270763397217,6.0,7.681145668029785,16.0,0.06854201853275299,0.16250180602073666,59,0.9898836797678581,0.9988053867286244,0.0,0
3dfront_0045_00,smooth100_thr001_min64,0.01,1.0,0,0,64,156x160x111,1.0,0.08071185648441315,0.08071180433034897,0.44395562857389403,1096261,0.3956821003696004,0.9970030934474907,0.6594305553148383,0.6581260230473565,345750,0.12479426541926542,0.31539022185410226,0.6846097781458977,3.1622776985168457,6.633249759674072,7.874007701873779,16.0,0.05553183704614639,0.14498560056090354,73,0.9871666773026045,0.9981347603723186,0.0005916620324365718,649
3dfront_0045_00,smooth100_thr001_min256,0.01,1.0,0,0,256,156x160x111,1.0,0.08071185648441315,0.08071180433034897,0.44395562857389403,1095553,0.3954265563640564,0.9966169296947514,0.6596011329438193,0.6581275512155671,345057,0.12454413548163548,0.3149614852042758,0.6850385147957242,3.1622776985168457,6.633249759674072,8.062257766723633,16.0,0.05561234802007675,0.145054504275322,73,0.9871666773026045,0.9981347603723186,0.0012371115223673774,1357
3dfront_0045_00,smooth100_thr001_close1_min64,0.01,1.0,1,0,64,156x160x111,1.0,0.08071185648441315,0.08071180433034897,0.44395562857389403,1047038,0.377915656040656,0.9088832833848908,0.6294079106966509,0.592050165977154,276295,0.0997253262878263,0.2638824951911965,0.7361175048088036,3.0,6.0,7.4833149909973145,16.0,0.05453571304678917,0.15089207738637922,47,0.987483746054659,0.9989059018290343,0.00038188417834754895,400
3dfront_1014_00,raw_thr001,0.01,0.0,0,0,0,129x160x114,1.0,0.12102983891963959,0.12102983891963959,0.7852894395589827,885971,0.3765346627226982,1.0,1.0,1.0,555162,0.2359419624643003,0.6266141894034907,0.3733858105965093,1.4142135381698608,3.7416574954986572,4.123105525970459,16.0,0.21229511499404907,0.546278429031372,745,0.9978215991268338,0.9981297356234008,0.0,0
3dfront_1014_00,smooth075_thr001,0.01,0.75,0,0,0,129x160x114,1.0,0.12102983891963959,0.12102986872196198,0.6082026124000548,1156154,0.49136151910784714,0.9980360530988035,0.764803823712066,0.76365453141652,358572,0.1523918808649531,0.31014207449872594,0.689857925501274,3.316624879837036,7.8102498054504395,5.385164737701416,16.0,0.07294324040412903,0.20868148133158684,147,0.9982683967706725,0.9992431804067624,0.0,0
3dfront_1014_00,smooth100_thr001,0.01,1.0,0,0,0,129x160x114,1.0,0.12102983891963959,0.12102986872196198,0.5752640128135678,1217305,0.5173504861961105,0.9970529509430895,0.725668587576655,0.7241154308985209,310727,0.13205791853665172,0.25525813169255035,0.7447418683074496,4.123105525970459,9.273618698120117,5.830951690673828,16.0,0.05084259808063507,0.13916804939508445,51,0.998354561921622,0.9996073293053097,0.0,0
3dfront_1014_00,smooth100_thr002,0.02,1.0,0,0,0,129x160x114,1.0,0.12102983891963959,0.12102986872196198,0.5752640128135678,1128594,0.4796486128110975,0.9871970978734067,0.7749713360163176,0.7672599450671397,325471,0.13832406840745273,0.2883862575913039,0.7116137424086961,3.605551242828369,8.124038696289062,5.830951690673828,16.0,0.060995955020189285,0.15399374812841415,58,0.9984299048196251,0.9995401357795629,0.0,0
3dfront_1014_00,smooth100_thr001_min64,0.01,1.0,0,0,64,129x160x114,1.0,0.12102983891963959,0.12102986872196198,0.5752640128135678,1216897,0.5171770875832994,0.9967764181897601,0.7257105572616253,0.724011336721451,310319,0.13188451992384062,0.2550084353893551,0.7449915646106449,4.123105525970459,9.273618698120117,6.0,16.0,0.050898801535367966,0.13920544385910025,51,0.998354561921622,0.9996073293053097,0.00033516661806203045,408
3dfront_1014_00,smooth100_thr001_min256,0.01,1.0,0,0,256,129x160x114,1.0,0.12102983891963959,0.12102986872196198,0.5752640128135678,1216577,0.5170410886712906,0.9966951514214348,0.725842260703597,0.7240995321872399,310025,0.1317595709234326,0.2548338493987639,0.7451661506012361,4.123105525970459,9.273618698120117,6.0,16.0,0.05091514810919762,0.13924345672130584,51,0.998354561921622,0.9996073293053097,0.0005980423969342112,728
3dfront_1014_00,smooth100_thr001_close1_min64,0.01,1.0,1,0,64,129x160x114,1.0,0.12102983891963959,0.12102986872196198,0.5752640128135678,1149655,0.48859946620427036,0.9067779870898709,0.6988000748050502,0.6519626341147513,256289,0.108921953624371,0.22292687806341902,0.777073121936581,3.0,7.071067810058594,5.385164737701416,16.0,0.05029944330453873,0.14084905683994292,25,0.9998095443500766,0.9999208608943241,0.0001904556499233829,219
3dfront_0040_00,raw_thr001,0.01,0.0,0,0,0,160x127x111,1.0,0.07954108715057373,0.07954108715057373,0.5535075247287747,592770,0.2628085762928283,1.0,1.0,1.0,454259,0.20139879052280626,0.7663326416654014,0.23366735833459862,1.4142135381698608,2.4494898319244385,5.099019527435303,15.29705810546875,0.20632809400558472,0.5291905581951141,614,0.9791015064864956,0.9957740776355078,0.0,0
3dfront_0040_00,smooth075_thr001,0.01,0.75,0,0,0,160x127x111,1.0,0.07954108715057373,0.07954103499650955,0.46725121736526487,841349,0.37301775200397247,0.9981712974678205,0.7032586952620138,0.7023537776891456,329310,0.14600180889550968,0.39140713306844127,0.6085928669315588,2.4494898319244385,5.385164737701416,6.164413928985596,16.0,0.07844482362270355,0.22201680168509483,190,0.9771248316691409,0.9969204218463443,0.0,0
3dfront_0040_00,smooth100_thr001,0.01,1.0,0,0,0,160x127x111,1.0,0.07954108715057373,0.07954103499650955,0.4398248985409734,904645,0.40108046038164147,0.9971017426657894,0.6533524200100592,0.6521139984752246,295137,0.1308509789316876,0.32624620707570373,0.6737537929242963,3.0,6.324555397033691,6.633249759674072,16.0,0.05549607425928116,0.1497130990028382,77,0.9768649580774779,0.9975294176168552,0.0,0
3dfront_0040_00,smooth100_thr002,0.02,1.0,0,0,0,160x127x111,1.0,0.07954108715057373,0.07954103499650955,0.4398248985409734,823818,0.3652452649499894,0.9883749177589959,0.7111752838612412,0.7052758547216895,303491,0.13455478115911187,0.3683956893391502,0.6316043106608498,2.8284270763397217,5.74456262588501,6.7082037925720215,16.0,0.06781881302595139,0.16550011932849884,64,0.9808222204418937,0.9984863161523541,0.0,0
3dfront_0040_00,smooth100_thr001_min64,0.01,1.0,0,0,64,160x127x111,1.0,0.07954108715057373,0.07954103499650955,0.4398248985409734,903841,0.4007240015606157,0.9964657455674207,0.6535164923919141,0.6520052189117111,294335,0.13049540682414698,0.3256490909352419,0.6743509090647581,3.0,6.324555397033691,7.0,16.0,0.05561992526054382,0.14982909709215164,77,0.9768649580774779,0.9975294176168552,0.0008887464143393265,804
3dfront_0040_00,smooth100_thr001_min256,0.01,1.0,0,0,256,160x127x111,1.0,0.07954108715057373,0.07954103499650955,0.4398248985409734,902681,0.4002097077392353,0.99562562207939,0.6538046109312149,0.6519319012807172,293233,0.13000682769383556,0.3248467620344285,0.6751532379655715,3.0,6.324555397033691,7.141428470611572,16.0,0.055760353803634644,0.1500369787216186,77,0.9768649580774779,0.9975294176168552,0.0021710173604010414,1964
3dfront_0040_00,smooth100_thr001_close1_min64,0.01,1.0,1,0,64,160x127x111,1.0,0.07954108715057373,0.07954103499650955,0.4398248985409734,860094,0.3813284741434348,0.901056058842384,0.6210007278274235,0.5813571774540269,241340,0.10699971625168475,0.28059723704618333,0.7194027629538167,2.8284270763397217,6.0,6.557438373565674,16.0,0.05488509312272072,0.15385865196585644,38,0.9760815982168694,0.9982719529952621,0.00048227270138952643,415
3dfront_0044_01,raw_thr001,0.01,0.0,0,0,0,141x160x109,1.0,0.09829477965831757,0.09829477965831757,0.6136554509401315,826113,0.3359493948858091,1.0,1.0,1.0,697817,0.28377618908191815,0.8446992118511633,0.15530078814883674,1.0,2.2360680103302,2.8284270763397217,12.569805145263672,0.2003191113471985,0.5000503420829773,769,0.9971577738154466,0.997723071783158,0.0,0
3dfront_0044_01,smooth075_thr001,0.01,0.75,0,0,0,141x160x109,1.0,0.09829477965831757,0.09829480946063995,0.4947724625468253,1243001,0.5054822207040146,0.9981612684947458,0.6633896513357592,0.6625799505030052,480732,0.1954958032402889,0.3867510967408715,0.6132489032591285,2.4494898319244385,5.385164737701416,4.123105525970459,13.45362377166748,0.06919964402914047,0.19345657303929326,130,0.9986202746417743,0.9993467422793707,0.0,0
3dfront_0044_01,smooth100_thr001,0.01,1.0,0,0,0,141x160x109,1.0,0.09829477965831757,0.09829476475715637,0.46412745863199145,1335812,0.5432249983733489,0.9973853455883154,0.616818085179651,0.6158223042036755,409096,0.16636410957121478,0.3062526762748051,0.6937473237251949,3.0,6.480740547180176,4.582575798034668,13.892443656921387,0.04831748083233833,0.13516533747315407,39,0.9987782711938507,0.9995448461310424,0.0,0
3dfront_0044_01,smooth100_thr002,0.02,1.0,0,0,0,141x160x109,1.0,0.09829477965831757,0.09829476475715637,0.46412745863199145,1208729,0.49154507450061813,0.9879435379905654,0.6752158672456771,0.6696975192194234,436234,0.17740012362547986,0.3609030642931542,0.6390969357068458,2.8284270763397217,5.74456262588501,4.358899116516113,13.928388595581055,0.05972538888454437,0.14927036389708517,56,0.9986233473342659,0.9993050551447016,0.0,0
3dfront_0044_01,smooth100_thr001_min64,0.01,1.0,0,0,64,141x160x109,1.0,0.09829477965831757,0.09829476475715637,0.46412745863199145,1335539,0.5431139794391308,0.9972158772468174,0.6168393435159887,0.6157788792223877,408825,0.16625390396252196,0.3061123636224775,0.6938876363775225,3.0,6.480740547180176,4.690415859222412,13.928388595581055,0.04834170266985893,0.13518072366714476,39,0.9987782711938507,0.9995448461310424,0.00020437007602866272,273
3dfront_0044_01,smooth100_thr001_min256,0.01,1.0,0,0,256,141x160x109,1.0,0.09829477965831757,0.09829476475715637,0.46412745863199145,1334806,0.5428158956340686,0.9969471488767275,0.6170117605105161,0.6158481688860175,408145,0.16597737328388315,0.30577102590189137,0.6942289740981087,3.0,6.480740547180176,5.0,14.247806549072266,0.048387426882982254,0.13525428473949433,39,0.9987782711938507,0.9995448461310424,0.0007530999871239366,1006
3dfront_0044_01,smooth100_thr001_close1_min64,0.01,1.0,1,0,64,141x160x109,1.0,0.09829477965831757,0.09829476475715637,0.46412745863199145,1304133,0.5303423287136444,0.9216523647491324,0.5838277230926601,0.5562224542081459,306190,0.12451607131238207,0.2347843356467477,0.7652156643532523,3.0,7.0,4.4721360206604,13.747727394104004,0.047297652810811996,0.14174989759922024,20,0.9992018603324585,0.9998221244929206,0.00011500571578407447,150
3dfront_0025_00,raw_thr001,0.01,0.0,0,0,0,106x160x90,1.0,0.09674976766109467,0.09674976766109467,0.5317152351140979,565614,0.3705542452830189,1.0,1.0,1.0,413363,0.2708090932914046,0.7308217264777745,0.26917827352222545,1.4142135381698608,2.8284270763397217,2.4494898319244385,11.180339813232422,0.17081031203269958,0.45146888494491555,292,0.9980552107974696,0.99862627162694,0.0,0
3dfront_0025_00,smooth075_thr001,0.01,0.75,0,0,0,106x160x90,1.0,0.09674976766109467,0.09674975275993347,0.45141469687223434,813352,0.532856394129979,0.9991867245153054,0.6948455281354199,0.6944527728762908,333227,0.2183090932914046,0.4096959250115571,0.590304074988443,2.2360680103302,4.690415859222412,3.1622776985168457,12.0,0.07190511375665665,0.18947680294513702,87,0.9986598668227287,0.999510666968299,0.0,0
3dfront_0025_00,smooth100_thr001,0.01,1.0,0,0,0,106x160x90,1.0,0.09674976766109467,0.09674975275993347,0.42197405993938464,880248,0.576682389937107,0.9985820718723369,0.6416509892666612,0.6410669088019976,288222,0.1888246855345912,0.327432723505194,0.6725672764948061,3.0,5.830951690673828,3.605551242828369,12.165525436401367,0.050134919583797455,0.13073417246341712,31,0.9988151066517618,0.999755750652089,0.0,0
3dfront_0025_00,smooth100_thr002,0.02,1.0,0,0,0,106x160x90,1.0,0.09674976766109467,0.09674975275993347,0.42197405993938464,798741,0.5232841981132076,0.9926964325494065,0.7029600333524885,0.6993431082414133,306333,0.20068985849056603,0.3835198143077668,0.6164801856922332,2.4494898319244385,5.099019527435303,3.316624879837036,12.206555366516113,0.061787787824869156,0.14665239751338946,31,0.9974547444040058,0.999460400805768,0.0,0
3dfront_0025_00,smooth100_thr001_min64,0.01,1.0,0,0,64,106x160x90,1.0,0.09674976766109467,0.09674975275993347,0.42197405993938464,879912,0.5764622641509434,0.9982620656490115,0.6416903053941758,0.6409742364299945,287888,0.18860587002096435,0.3271781723626908,0.6728218276373092,3.0,5.830951690673828,3.605551242828369,12.206555366516113,0.05018097907304764,0.13078493624925608,31,0.9988151066517618,0.999755750652089,0.00038171060882842106,336
3dfront_0025_00,smooth100_thr001_min256,0.01,1.0,0,0,256,106x160x90,1.0,0.09674976766109467,0.09674975275993347,0.42197405993938464,879912,0.5764622641509434,0.9982620656490115,0.6416903053941758,0.6409742364299945,287888,0.18860587002096435,0.3271781723626908,0.6728218276373092,3.0,5.830951690673828,3.605551242828369,12.206555366516113,0.05018097907304764,0.13078493624925608,31,0.9988151066517618,0.999755750652089,0.00038171060882842106,336
3dfront_0025_00,smooth100_thr001_close1_min64,0.01,1.0,1,0,64,106x160x90,1.0,0.09674976766109467,0.09674975275993347,0.42197405993938464,856174,0.5609106394129979,0.920923103034932,0.6083891825727014,0.5781845063997043,214391,0.14045531970649897,0.25040587544120707,0.7495941245587929,3.0,6.082762718200684,3.316624879837036,12.083045959472656,0.04868065565824509,0.13808778673410416,17,0.9990330435188808,0.999894896034661,0.00014130644228916436,121
3dfront_0033_01,raw_thr001,0.01,0.0,0,0,0,120x160x115,1.0,0.10593751072883606,0.10593751072883606,0.6487441182136531,797380,0.36113224637681157,1.0,1.0,1.0,372784,0.16883333333333334,0.4675110988487296,0.5324889011512703,2.2360680103302,5.099019527435303,6.082762718200684,16.0,0.15175947546958923,0.47031962126493454,575,0.9979257066894078,0.9984762597506834,0.0,0
3dfront_0033_01,smooth075_thr001,0.01,0.75,0,0,0,120x160x115,1.0,0.10593751072883606,0.10593751072883606,0.5689012110233306,956934,0.43339402173913044,0.9980536256239183,0.8316435616249397,0.8302969474775844,263576,0.1193731884057971,0.27543801348891356,0.7245619865110864,4.0,9.0,7.348469257354736,16.0,0.060316234827041626,0.17503902688622475,141,0.998276788158849,0.9994534628302474,0.0,0
3dfront_0033_01,smooth100_thr001,0.01,1.0,0,0,0,120x160x115,1.0,0.10593751072883606,0.10593749582767487,0.5480890184640883,996986,0.45153351449275364,0.9971569389751436,0.7975167153801558,0.7957073934228869,242102,0.10964764492753623,0.24283390137875557,0.7571660986212444,4.358899116516113,10.0,8.0,16.0,0.044735923409461975,0.12442507632076738,46,0.9983409997733168,0.9997472381758621,0.0,0
3dfront_0033_01,smooth100_thr002,0.02,1.0,0,0,0,120x160x115,1.0,0.10593751072883606,0.10593749582767487,0.5480890184640883,932384,0.42227536231884055,0.9892899245027464,0.8460462642001578,0.8383673920529182,246278,0.11153894927536231,0.2641379517452037,0.7358620482547963,4.0,9.05538558959961,8.062257766723633,16.0,0.054194994270801544,0.1397361673414707,29,0.9983064917458901,0.9998058739746714,0.0,0
3dfront_0033_01,smooth100_thr001_min64,0.01,1.0,0,0,64,120x160x115,1.0,0.10593751072883606,0.10593749582767487,0.5480890184640883,996669,0.45138994565217394,0.9968659861044922,0.7975375977380655,0.7955428916858827,241785,0.10950407608695652,0.24259307754129003,0.75740692245871,4.358899116516113,10.0,8.062257766723633,16.0,0.044785276055336,0.12448184043169017,46,0.9983409997733168,0.9997472381758621,0.0003179583263957568,317
3dfront_0033_01,smooth100_thr001_min256,0.01,1.0,0,0,256,120x160x115,1.0,0.10593751072883606,0.10593749582767487,0.5480890184640883,996669,0.45138994565217394,0.9968659861044922,0.7975375977380655,0.7955428916858827,241785,0.10950407608695652,0.24259307754129003,0.75740692245871,4.358899116516113,10.0,8.062257766723633,16.0,0.044785276055336,0.12448184043169017,46,0.9983409997733168,0.9997472381758621,0.0003179583263957568,317
3dfront_0033_01,smooth100_thr001_close1_min64,0.01,1.0,1,0,64,120x160x115,1.0,0.10593751072883606,0.10593749582767487,0.5480890184640883,929669,0.42104574275362316,0.9065251197672377,0.777529421761939,0.7198188814224998,211779,0.09591440217391305,0.22780043219683566,0.7721995678031643,3.0,7.211102485656738,7.348469257354736,16.0,0.04456515982747078,0.12865034937858577,22,0.9985556204432944,0.9998913757742165,0.00015271920852732437,142
3dfront_0012_00,raw_thr001,0.01,0.0,0,0,0,136x160x124,1.0,0.09826388210058212,0.09826388210058212,0.5461085259914397,1094434,0.40561032376660344,1.0,1.0,1.0,650915,0.24123688033681215,0.5947503458408638,0.40524965415913616,1.4142135381698608,3.7416574954986572,3.1622776985168457,15.329710006713867,0.1452498435974121,0.43894336521625515,633,0.9743492983587864,0.9979222136739173,0.0,0
3dfront_0012_00,smooth075_thr001,0.01,0.75,0,0,0,136x160x124,1.0,0.09826388210058212,0.09826382994651794,0.46865298599004657,1399779,0.5187748310009488,0.9982612016805034,0.7805024936079196,0.7794428408155345,450824,0.16708076375711575,0.3220679835888379,0.6779320164111621,3.0,7.348469257354736,4.4721360206604,16.0,0.05788054317235947,0.1649136923253536,217,0.9982275773532822,0.998829100879496,0.0,0
3dfront_0012_00,smooth100_thr001,0.01,1.0,0,0,0,136x160x124,1.0,0.09826388210058212,0.09826384484767914,0.44510728269815447,1479359,0.5482681303368121,0.9970148953705751,0.7375944581403162,0.735969152031598,393967,0.14600887986242883,0.266309259618524,0.7336907403814761,3.605551242828369,8.5440034866333,5.0,16.0,0.04098128154873848,0.11165927723050108,91,0.9987183638319028,0.9993794609692441,0.0,0
3dfront_0012_00,smooth100_thr002,0.02,1.0,0,0,0,136x160x124,1.0,0.09826388210058212,0.09826384484767914,0.44510728269815447,1354155,0.501866031190702,0.9866268774544651,0.7973961621823203,0.7888698859066139,413917,0.15340258835388995,0.3056644180319092,0.6943355819680908,3.1622776985168457,7.6157732009887695,5.0,16.0,0.05080105736851692,0.12832335829734795,74,0.9745893195387529,0.9993590098622388,0.0,0
3dfront_0012_00,smooth100_thr001_min64,0.01,1.0,0,0,64,136x160x124,1.0,0.09826388210058212,0.09826384484767914,0.44510728269815447,1478521,0.5479575575189753,0.9965306267897379,0.7376540475245195,0.7357645255606422,393131,0.14569904826850094,0.2658947691645908,0.7341052308354092,3.605551242828369,8.5440034866333,5.099019527435303,16.0,0.04104747250676155,0.11173690110445023,91,0.9987183638319028,0.9993794609692441,0.000566461555308752,838
3dfront_0012_00,smooth100_thr001_min256,0.01,1.0,0,0,256,136x160x124,1.0,0.09826388210058212,0.09826384484767914,0.44510728269815447,1478229,0.5478493388282732,0.9964091027873768,0.7377097865080444,0.7357537214293474,392840,0.14559120018975333,0.2657504351490872,0.7342495648509129,3.605551242828369,8.5440034866333,5.099019527435303,16.0,0.041068680584430695,0.1117655638605356,91,0.9987183638319028,0.9993794609692441,0.0007638443406907992,1130
3dfront_0012_00,smooth100_thr001_close1_min64,0.01,1.0,1,0,64,136x160x124,1.0,0.09826388210058212,0.09826384484767914,0.44510728269815447,1435452,0.5319956712523719,0.9287394214726516,0.7081003056876858,0.6716108050391095,308440,0.11431155123339659,0.21487308527209548,0.7851269147279045,3.1622776985168457,8.0,5.0,16.0,0.03986987844109535,0.11535354666411868,47,0.9994762768016392,0.9997910678729943,0.0002932014182312781,421
3dfront_1001_01,raw_thr001,0.01,0.0,0,0,0,138x160x100,1.0,0.0718272477388382,0.0718272477388382,0.44378417432308154,645783,0.29247418478260867,1.0,1.0,1.0,394205,0.1785348731884058,0.610429509603071,0.38957049039692904,1.4142135381698608,3.7416574954986572,4.4721360206604,16.0,0.13443078100681305,0.41784719824790933,409,0.9963842343325854,0.9974434136544319,0.0,0
3dfront_1001_01,smooth075_thr001,0.01,0.75,0,0,0,138x160x100,1.0,0.0718272477388382,0.07182721048593521,0.4077938392758349,852126,0.3859266304347826,0.9986853168943748,0.7568528597883412,0.7560995339839972,329525,0.14924139492753624,0.3867092425298606,0.6132907574701394,2.4494898319244385,5.4772257804870605,5.385164737701416,16.0,0.058701030910015106,0.17050209343433376,97,0.9972879597618193,0.9986563020022861,0.0,0
3dfront_1001_01,smooth100_thr001,0.01,1.0,0,0,0,138x160x100,1.0,0.0718272477388382,0.0718272402882576,0.39180140495300264,910458,0.41234510869565216,0.997706659977113,0.707668008848294,0.7065187474162197,302651,0.13707019927536232,0.33241621249964304,0.667583787500357,3.0,6.4031243324279785,5.830951690673828,16.0,0.04327563941478729,0.12379080802202225,40,0.9974781922944277,0.9988884715165335,0.0,0
3dfront_1001_01,smooth100_thr002,0.02,1.0,0,0,0,138x160x100,1.0,0.0718272477388382,0.0718272402882576,0.39180140495300264,816855,0.3699524456521739,0.9877915646587166,0.7809207264447179,0.7734556023178242,303776,0.13757971014492754,0.37188485104455504,0.628115148955445,2.8284270763397217,5.830951690673828,5.916079998016357,16.0,0.05364600196480751,0.14067545905709267,59,0.9960078594120132,0.9981734824418043,0.0,0
3dfront_1001_01,smooth100_thr001_min64,0.01,1.0,0,0,64,138x160x100,1.0,0.0718272477388382,0.0718272402882576,0.39180140495300264,910127,0.4121951992753623,0.9974387681310904,0.707735294085331,0.7064514395452417,302320,0.13692028985507246,0.33217342195100247,0.6678265780489976,3.0,6.4031243324279785,6.0,16.0,0.04331149160861969,0.12384601943194866,40,0.9974781922944277,0.9988884715165335,0.00036355328856465646,331
3dfront_1001_01,smooth100_thr001_min256,0.01,1.0,0,0,256,138x160x100,1.0,0.0718272477388382,0.0718272402882576,0.39180140495300264,908964,0.41166847826086955,0.9965994769140718,0.7080445430182053,0.7063380745423417,301250,0.1364356884057971,0.33142126640879066,0.6685787335912093,3.0,6.4031243324279785,6.082762718200684,16.0,0.04339808598160744,0.12401079982519149,40,0.9974781922944277,0.9988884715165335,0.0016409323659081474,1494
3dfront_1001_01,smooth100_thr001_close1_min64,0.01,1.0,1,0,64,138x160x100,1.0,0.0718272477388382,0.0718272402882576,0.39180140495300264,874269,0.3959551630434783,0.918322408610942,0.6783232620623629,0.6397275124997978,249644,0.11306340579710145,0.2855459818431169,0.714454018156883,2.8284270763397217,5.830951690673828,5.830951690673828,16.0,0.04232502728700638,0.12916986420750617,25,0.9989125885880117,0.9995895050505743,0.0003258803916053211,285
3dfront_0063_01,raw_thr001,0.01,0.0,0,0,0,105x160x67,1.0,0.07202145457267761,0.07202145457267761,0.5138399511575703,246964,0.21940653873489693,1.0,1.0,1.0,201406,0.17893212508884151,0.8155277692295233,0.1844722307704767,1.4142135381698608,2.4494898319244385,5.916079998016357,15.81138801574707,0.22159990668296814,0.5379348397254944,296,0.9900309356829335,0.9967444647802919,0.0,0
3dfront_0063_01,smooth075_thr001,0.01,0.75,0,0,0,105x160x67,1.0,0.07202145457267761,0.07202144712209702,0.44519872963428503,363312,0.32277185501066097,0.9987609530133946,0.678915092262298,0.6783437563596961,154362,0.13713752665245202,0.42487448804333466,0.5751255119566654,2.8284270763397217,5.830951690673828,6.7082037925720215,16.0,0.08821140974760056,0.23144236505031585,86,0.9894360769806667,0.9982549434095213,0.0,0
3dfront_0063_01,smooth100_thr001,0.01,1.0,0,0,0,105x160x67,1.0,0.07202145457267761,0.0720214694738388,0.4228213012218477,389945,0.34643301350390904,0.9977122171652548,0.6318814191744989,0.6309671967427211,142660,0.12674129353233832,0.36584646552718975,0.6341535344728102,3.1622776985168457,6.78233003616333,7.0,16.0,0.062534399330616,0.16134857982397077,33,0.9900267986510918,0.9988767646719409,0.0,0
3dfront_0063_01,smooth100_thr002,0.02,1.0,0,0,0,105x160x67,1.0,0.07202145457267761,0.0720214694738388,0.4228213012218477,359352,0.3192537313432836,0.9916425066001523,0.6815044858523119,0.6776125019368262,143487,0.12747601279317697,0.399293728711681,0.600706271288319,3.0,6.0,7.280109882354736,16.0,0.07291994243860245,0.17265589088201505,31,0.9922026314031924,0.9989536721654534,0.0,0
3dfront_0063_01,smooth100_thr001_min64,0.01,1.0,0,0,64,105x160x67,1.0,0.07202145457267761,0.0720214694738388,0.4228213012218477,389585,0.346113184079602,0.9969833659966635,0.6320032855474416,0.6307970179079241,142300,0.12642146410803126,0.3652604694739274,0.6347395305260726,3.1622776985168457,6.78233003616333,7.211102485656738,16.0,0.06266877055168152,0.16146958023309693,33,0.9900267986510918,0.9988767646719409,0.0009232071189526728,360
3dfront_0063_01,smooth100_thr001_min256,0.01,1.0,0,0,256,105x160x67,1.0,0.07202145457267761,0.0720214694738388,0.4228213012218477,389187,0.3457595948827292,0.9963557441570431,0.6322513341915326,0.6307926180569975,141933,0.1260954157782516,0.364691009720263,0.635308990279737,3.1622776985168457,6.78233003616333,7.549834251403809,16.0,0.06278166174888611,0.16154783964157102,33,0.9900267986510918,0.9988767646719409,0.0019438638782392388,758
3dfront_0063_01,smooth100_thr001_close1_min64,0.01,1.0,1,0,64,105x160x67,1.0,0.07202145457267761,0.0720214694738388,0.4228213012218477,342162,0.3039818763326226,0.8205446947733273,0.5922487009077572,0.5243336671142954,126734,0.11259239516702203,0.3703918027133346,0.6296081972866654,2.0,4.0,6.78233003616333,16.0,0.061252910643815994,0.16461543366312975,18,0.9918039490594696,0.9991850683491063,0.0005783385909568874,198
3dfront_0069_00,raw_thr001,0.01,0.0,0,0,0,160x99x63,1.0,0.0666806548833847,0.0666806548833847,0.4749667197465889,207823,0.20825617283950618,1.0,1.0,1.0,160951,0.1612864758698092,0.7744619219239449,0.22553807807605508,1.4142135381698608,2.8284270763397217,5.385164737701416,15.066518783569336,0.2200365662574768,0.5481435060501099,220,0.9949476236990131,0.9964296540806359,0.0,0
3dfront_0069_00,smooth075_thr001,0.01,0.75,0,0,0,160x99x63,1.0,0.0666806548833847,0.0666806772351265,0.417522239685058,313698,0.3143518518518518,0.9990713251180091,0.6618786221142627,0.6614716573587647,146187,0.14649170274170273,0.4660118967924564,0.5339881032075435,2.4494898319244385,5.656854152679443,6.0,15.033296585083008,0.0869794487953186,0.23333653360605236,63,0.998460302584014,0.999317815223559,0.0,0
3dfront_0069_00,smooth100_thr001,0.01,1.0,0,0,0,160x99x63,1.0,0.0666806548833847,0.0666806623339653,0.39713789224624596,340682,0.3413920955587622,0.9983158745663377,0.6089931372951902,0.6083681296769805,138334,0.1386223344556678,0.40605021691782955,0.5939497830821705,3.0,6.4031243324279785,6.164413928985596,15.264337539672852,0.06040773168206215,0.15683025419712068,24,0.9989315549397972,0.9997710474870994,0.0,0
3dfront_0069_00,smooth100_thr002,0.02,1.0,0,0,0,160x99x63,1.0,0.0666806548833847,0.0666806623339653,0.39713789224624596,308962,0.30960598043931375,0.9919835629357675,0.667256814753918,0.6636780972739096,135420,0.1357022607022607,0.4383063289336553,0.5616936710663447,2.8284270763397217,5.916079998016357,6.4031243324279785,15.65247631072998,0.07222162932157516,0.17080479934811582,24,0.9992458619506606,0.9997281219049592,0.0,0
3dfront_0069_00,smooth100_thr001_min64,0.01,1.0,0,0,64,160x99x63,1.0,0.0666806548833847,0.0666806623339653,0.39713789224624596,340547,0.34125681417348086,0.9979886730535119,0.6090348762432205,0.6082882407285205,138199,0.1384870530703864,0.40581476271997696,0.594185237280023,3.0,6.4031243324279785,6.324555397033691,15.42724895477295,0.06045621261000633,0.1568541392683983,24,0.9989315549397972,0.9997710474870994,0.00039626396463564263,135
3dfront_0069_00,smooth100_thr001_min256,0.01,1.0,0,0,256,160x99x63,1.0,0.0666806548833847,0.0666806623339653,0.39713789224624596,340318,0.3410273368606702,0.9975652358016196,0.6091861141638115,0.6082816937774335,137971,0.13825857784191117,0.405417873870909,0.594582126129091,3.0,6.4031243324279785,6.4031243324279785,15.55634880065918,0.06053484231233597,0.15691492706537247,24,0.9989315549397972,0.9997710474870994,0.0010684450602027698,364
3dfront_0069_00,smooth100_thr001_close1_min64,0.01,1.0,1,0,64,160x99x63,1.0,0.0666806548833847,0.0666806623339653,0.39713789224624596,298287,0.29890873015873015,0.8160598201354037,0.5685665147995052,0.5039790320759314,117537,0.11778198653198653,0.39403996821852777,0.6059600317814722,2.0,4.4721360206604,5.830951690673828,15.165750503540039,0.059690576046705246,0.1572361201047897,11,0.9995307650540626,0.9999597798617768,0.0002379691511539828,71
3dfront_0136_00,raw_thr001,0.01,0.0,0,0,0,160x112x98,1.0,0.08080269396305084,0.08080269396305084,0.4538278132677073,619319,0.35265522503644314,1.0,1.0,1.0,436474,0.24853885750728863,0.7047644267332344,0.29523557326676564,1.4142135381698608,3.0,4.242640495300293,16.0,0.14463356137275696,0.4545625969767567,451,0.9969272701144322,0.9983562590522816,0.0,0
3dfront_0136_00,smooth075_thr001,0.01,0.75,0,0,0,160x112x98,1.0,0.08080269396305084,0.08080266416072845,0.403665272891521,833141,0.4744106459548105,0.998323965516963,0.7421084786368694,0.7411850454159119,286097,0.16291055484693878,0.34339565571733954,0.6566043442826605,3.0,6.0,5.74456262588501,16.0,0.06226680427789688,0.18780120015144353,93,0.9990685850294247,0.9995366930687603,0.0,0
3dfront_0136_00,smooth100_thr001,0.01,1.0,0,0,0,160x112x98,1.0,0.08080269396305084,0.08080267906188965,0.3865715816617008,880364,0.5013005648688047,0.9972986457705965,0.7015802554397954,0.7002495360171965,251506,0.1432136024052478,0.2856841033935963,0.7143158966064037,3.605551242828369,7.211102485656738,6.082762718200684,16.0,0.04616529121994972,0.13691717386245728,29,0.9992821151251073,0.9997773648172801,0.0,0
3dfront_0136_00,smooth100_thr002,0.02,1.0,0,0,0,160x112x98,1.0,0.08080269396305084,0.08080267906188965,0.3865715816617008,805830,0.45885910167638483,0.9880029516291281,0.7593276497524292,0.7523903794604432,267100,0.15209320335276968,0.3314594889741012,0.6685405110258988,3.0,6.164413928985596,5.916079998016357,16.0,0.05417000502347946,0.145954342931509,32,0.9980107466835437,0.9995271955623395,0.0,0
3dfront_0136_00,smooth100_thr001_min64,0.01,1.0,0,0,64,160x112x98,1.0,0.08080269396305084,0.08080267906188965,0.3865715816617008,880168,0.5011889577259475,0.9971371780940033,0.7016228719971642,0.7002123724829665,251310,0.14310199526239067,0.28552503612946617,0.7144749638705339,3.605551242828369,7.211102485656738,6.082762718200684,16.0,0.04619496315717697,0.13693247139453887,29,0.9992821151251073,0.9997773648172801,0.00022263518271987496,196
3dfront_0136_00,smooth100_thr001_min256,0.01,1.0,0,0,256,160x112x98,1.0,0.08080269396305084,0.08080267906188965,0.3865715816617008,879732,0.5009406887755102,0.9968756004579223,0.7017864531470948,0.7002462380921595,250898,0.14286739249271138,0.28519821945774393,0.7148017805422561,3.605551242828369,7.211102485656738,6.164413928985596,16.0,0.046242062002420425,0.13700147047638891,29,0.9992821151251073,0.9997773648172801,0.000717884874892658,632
3dfront_0136_00,smooth100_thr001_close1_min64,0.01,1.0,1,0,64,160x112x98,1.0,0.08080269396305084,0.08080267906188965,0.3865715816617008,829886,0.4725571701895044,0.9056495925363182,0.675859093899644,0.6314015573234389,205534,0.1170360331632653,0.2476653419867307,0.7523346580132693,3.0,6.4031243324279785,5.656854152679443,16.0,0.04689555615186691,0.14156962186098096,8,0.9998554227318839,0.9999927711365942,0.0001445772681161341,120
3dfront_1003_00,raw_thr001,0.01,0.0,0,0,0,160x130x93,1.0,0.11311543732881546,0.11311543732881546,0.7725822269916524,634291,0.32790064102564104,1.0,1.0,1.0,432854,0.22376654259718776,0.6824217906292223,0.31757820937077774,1.4142135381698608,3.0,5.385164737701416,16.0,0.21243296563625336,0.545574840903282,293,0.9967727746412924,0.9989263602983489,0.0,0
3dfront_1003_00,smooth075_thr001,0.01,0.75,0,0,0,160x130x93,1.0,0.11311543732881546,0.1131153255701065,0.6157708466053008,830132,0.429141852770885,0.9991628448141311,0.763444849734741,0.7629568188302597,262257,0.1355753722084367,0.3159220461324223,0.6840779538675776,3.316624879837036,7.280109882354736,6.4031243324279785,16.0,0.08347735553979874,0.23187249898910517,62,0.999209764230267,0.9995952450935514,0.0,0
3dfront_1003_00,smooth100_thr001,0.01,1.0,0,0,0,160x130x93,1.0,0.11311543732881546,0.11311537772417068,0.5816474467515937,876660,0.4531947890818859,0.9987355961222846,0.7226165217986449,0.721956050518427,238964,0.1235339123242349,0.2725845823922615,0.7274154176077385,4.0,8.5440034866333,6.7082037925720215,16.0,0.059770368039608,0.1586527906358242,24,0.9993475235553122,0.9997536102936144,0.0,0
3dfront_1003_00,smooth100_thr002,0.02,1.0,0,0,0,160x130x93,1.0,0.11311543732881546,0.11311537772417068,0.5816474467515937,821483,0.4246706989247312,0.99444103731568,0.7678369485430617,0.7645552957604099,246305,0.12732888751033913,0.29982969824086436,0.7001703017591356,3.605551242828369,7.8102498054504395,6.7082037925720215,16.0,0.07074610888957977,0.17449149489402763,28,0.9975885076136695,0.9997309743476128,0.0,0
3dfront_1003_00,smooth100_thr001_min64,0.01,1.0,0,0,64,160x130x93,1.0,0.11311543732881546,0.11311537772417068,0.5816474467515937,876301,0.4530092018196857,0.9984928053527482,0.7227368221649867,0.7219492121464975,238608,0.12334987593052109,0.27229000081022386,0.7277099991897762,4.0,8.5440034866333,6.78233003616333,16.0,0.05983942374587059,0.1586963228881359,24,0.9993475235553122,0.9997536102936144,0.00040950881755754797,359
3dfront_1003_00,smooth100_thr001_min256,0.01,1.0,0,0,256,160x130x93,1.0,0.11311543732881546,0.11311537772417068,0.5816474467515937,876088,0.4528990901571547,0.9983729865314186,0.722825789190127,0.7219753283473185,238410,0.12324751861042184,0.2721301969665148,0.7278698030334851,4.0,8.5440034866333,6.928203105926514,16.0,0.05987195670604706,0.15872398316860198,24,0.9993475235553122,0.9997536102936144,0.0006524764446877923,572
3dfront_1003_00,smooth100_thr001_close1_min64,0.01,1.0,1,0,64,160x130x93,1.0,0.11311543732881546,0.11311537772417068,0.5816474467515937,806868,0.4171153846153846,0.8888664666533185,0.6987512207696922,0.6426103795595646,208282,0.10767266335814724,0.25813639901446084,0.7418636009855392,3.0,6.7082037925720215,6.082762718200684,16.0,0.059181664139032364,0.1609326042234897,15,0.9997720097341931,0.9999281335031696,0.00022799026580691206,184
3dfront_0087_00,raw_thr001,0.01,0.0,0,0,0,160x145x111,1.0,0.092921681702137,0.092921681702137,0.6176347762346266,784702,0.30471497359428396,1.0,1.0,1.0,507409,0.19703673501087293,0.6466263626191854,0.3533736373808146,1.4142135381698608,3.1622776985168457,7.071067810058594,16.0,0.18276512622833252,0.5054246306419372,415,0.997971204355284,0.9983050890656581,0.0,0
3dfront_0087_00,smooth075_thr001,0.01,0.75,0,0,0,160x145x111,1.0,0.092921681702137,0.09292162954807281,0.5305715471506116,997523,0.387357486797142,0.9991155878282456,0.7859548100645298,0.7854083831471513,300779,0.11679830692761728,0.3015258796037786,0.6984741203962215,3.464101552963257,7.280109882354736,8.246211051940918,16.0,0.07220267504453659,0.20975379496812802,153,0.9984291089027522,0.999012554096497,0.0,0
3dfront_0087_00,smooth100_thr001,0.01,1.0,0,0,0,160x145x111,1.0,0.092921681702137,0.09292168915271759,0.5064222335815429,1049030,0.40735865175520347,0.99818784710629,0.746670733916094,0.7456599635204655,273623,0.1062531065548307,0.2608342945387644,0.7391657054612356,4.0,8.124038696289062,8.774964332580566,16.0,0.05242619663476944,0.14546754509210585,46,0.9987378816621069,0.9994299495724622,0.0,0
3dfront_0087_00,smooth100_thr002,0.02,1.0,0,0,0,160x145x111,1.0,0.092921681702137,0.09292168915271759,0.5064222335815429,978287,0.3798877757067412,0.9922951642789237,0.7959382062728013,0.7910493704874265,282669,0.10976584342963654,0.2889428153496878,0.7110571846503122,3.605551242828369,7.348469257354736,8.774964332580566,16.0,0.06280926614999771,0.16192324757575977,35,0.9993846386592073,0.9997342293212523,0.0,0
3dfront_0087_00,smooth100_thr001_min64,0.01,1.0,0,0,64,160x145x111,1.0,0.092921681702137,0.09292168915271759,0.5064222335815429,1048432,0.4071264367816092,0.9977876952014905,0.7467971217971218,0.7455626147435458,273028,0.10602205653929792,0.26041555389381477,0.7395844461061852,4.0,8.124038696289062,9.0,16.0,0.05251546949148178,0.14553431048989293,46,0.9987378816621069,0.9994299495724622,0.0005700504275378207,598
3dfront_0087_00,smooth100_thr001_min256,0.01,1.0,0,0,256,160x145x111,1.0,0.092921681702137,0.09292168915271759,0.5064222335815429,1047706,0.4068445169307238,0.9975111571016768,0.7471074900783234,0.7457174187045507,272373,0.10576770736253495,0.2599708315118936,0.7400291684881064,4.0,8.124038696289062,9.110433578491211,16.0,0.052587881684303284,0.14562985599040984,46,0.9987378816621069,0.9994299495724622,0.0012621183378931013,1324
3dfront_0087_00,smooth100_thr001_close1_min64,0.01,1.0,1,0,64,160x145x111,1.0,0.092921681702137,0.09292168915271759,0.5064222335815429,976203,0.37907851817334576,0.9009165262736683,0.7241844165608997,0.6707607732405778,235141,0.09130980118049084,0.24087305611640203,0.7591269438835979,3.0,7.0,8.306623458862305,16.0,0.05217532813549042,0.14910054206848145,25,0.9991530882580346,0.9997542215017271,0.0002928860437751987,286
3dfront_0003_01,raw_thr001,0.01,0.0,0,0,0,160x153x150,1.0,0.1022024154663086,0.1022024154663086,0.699056750535964,1265440,0.34461873638344226,1.0,1.0,1.0,734888,0.20013289760348585,0.5807371349095967,0.41926286509040334,1.7320507764816284,3.7416574954986572,5.830951690673828,16.0,0.15568804740905762,0.4976439967751503,335,0.9984487609052978,0.9991402200025288,0.0,0
3dfront_0003_01,smooth075_thr001,0.01,0.75,0,0,0,160x153x150,1.0,0.1022024154663086,0.1022024005651474,0.5812492191791533,1612586,0.4391574074074074,0.9989726893412568,0.7839209815786569,0.7832895260260019,450065,0.1225667211328976,0.27909519244244957,0.7209048075575504,3.605551242828369,8.062257766723633,6.4031243324279785,16.0,0.07779185473918915,0.26744969487190245,60,0.9974909865272302,0.9995640542581915,0.0,0
3dfront_0003_01,smooth100_thr001,0.01,1.0,0,0,0,160x153x150,1.0,0.1022024154663086,0.1022024154663086,0.5500088274478908,1689422,0.4600822440087146,0.9986874130737134,0.748054068196105,0.747319321405277,417451,0.1136849128540305,0.24709693611187733,0.7529030638881227,4.123105525970459,9.110433578491211,6.7082037925720215,16.0,0.054088763892650604,0.16934873163700104,26,0.9971072946842174,0.9996353782536276,0.0,0
3dfront_0003_01,smooth100_thr002,0.02,1.0,0,0,0,160x153x150,1.0,0.1022024154663086,0.1022024154663086,0.5500088274478908,1577173,0.4295133442265795,0.9913626880768744,0.7954168629566953,0.7899424659483674,428908,0.11680501089324619,0.2719473386876392,0.7280526613123608,3.7416574954986572,8.246211051940918,6.7082037925720215,16.0,0.06337874382734299,0.18765878155827495,35,0.9975658979706095,0.9997121431827707,0.0,0
3dfront_0003_01,smooth100_thr001_min64,0.01,1.0,0,0,64,160x153x150,1.0,0.1022024154663086,0.1022024154663086,0.5500088274478908,1689208,0.4600239651416122,0.9985854722468074,0.7480724694649801,0.747280599977055,417239,0.11362717864923748,0.24700273737751657,0.7529972626224835,4.123105525970459,9.110433578491211,6.78233003616333,16.0,0.05411173403263092,0.16938151419162745,26,0.9971072946842174,0.9996353782536276,0.00012667054175925256,214
3dfront_0003_01,smooth100_thr001_min256,0.01,1.0,0,0,256,160x153x150,1.0,0.1022024154663086,0.1022024154663086,0.5500088274478908,1688806,0.4599144880174292,0.99847958022506,0.7481711931388212,0.7473197967741745,416874,0.11352777777777778,0.2468454043862942,0.7531545956137058,4.123105525970459,9.110433578491211,7.0,16.0,0.05414062738418579,0.16945697069168084,26,0.9971072946842174,0.9996353782536276,0.000364621746372428,616
3dfront_0003_01,smooth100_thr001_close1_min64,0.01,1.0,1,0,64,160x153x150,1.0,0.1022024154663086,0.1022024154663086,0.5500088274478908,1596668,0.434822440087146,0.9319051081046908,0.7385818466957439,0.7007626402541421,366196,0.09972657952069716,0.2293501216282909,0.7706498783717091,3.0,7.280109882354736,6.324555397033691,16.0,0.05166484788060188,0.1578538529574871,20,0.9970723263764293,0.999793340685395,0.00010207717660791906,163
3dfront_1013_00,raw_thr001,0.01,0.0,0,0,0,142x160x147,1.0,0.08529650419950485,0.08529650419950485,0.5200507313013074,1205880,0.36105921241736133,1.0,1.0,1.0,956214,0.2863053319919517,0.792959498457558,0.20704050154244202,1.0,2.4494898319244385,2.2360680103302,10.0,0.1865592747926712,0.490515024960041,1858,0.9952715029687863,0.9955783328357714,0.0,0
3dfront_1013_00,smooth075_thr001,0.01,0.75,0,0,0,142x160x147,1.0,0.08529650419950485,0.08529648184776306,0.4085566207766532,1748804,0.5236190955255342,0.9951139416857399,0.6861763811153222,0.6838723060860684,705331,0.21118706285331035,0.4033219274429839,0.5966780725570161,2.2360680103302,5.385164737701416,3.0,11.87434196472168,0.060985662043094635,0.16909480094909668,461,0.9970162465319156,0.9977630426279903,0.0,0
3dfront_1013_00,smooth100_thr001,0.01,1.0,0,0,0,142x160x147,1.0,0.08529650419950485,0.08529648184776306,0.38084069192409503,1887665,0.5651962369454824,0.9935574020632235,0.6347053105291458,0.6321037820361985,606428,0.1815739676152151,0.32125827411113733,0.6787417258888626,3.0,6.4031243324279785,3.316624879837036,13.03840446472168,0.041084498167037964,0.10991072952747345,162,0.9982353860457231,0.9988917525090522,0.0,0
3dfront_1013_00,smooth100_thr002,0.02,1.0,0,0,0,142x160x147,1.0,0.08529650419950485,0.08529648184776306,0.38084069192409503,1678132,0.5024588004215771,0.9767580522108336,0.7018834036893403,0.6903535954151987,633997,0.18982855466130114,0.3777992434444966,0.6222007565555034,2.4494898319244385,5.656854152679443,3.1622776985168457,13.34166431427002,0.05303147807717323,0.1279630184173584,154,0.9979810884960182,0.9985543449502184,0.0,0
3dfront_1013_00,smooth100_thr001_min64,0.01,1.0,0,0,64,142x160x147,1.0,0.08529650419950485,0.08529648184776306,0.38084069192409503,1886403,0.5648183745329117,0.9929934985238995,0.6347694527627448,0.6319390643701989,605169,0.18119700344926704,0.3208057875226025,0.6791942124773975,3.0,6.4031243324279785,3.605551242828369,13.638181686401367,0.04115259647369385,0.10999040305614467,162,0.9982353860457231,0.9988917525090522,0.0006685508286692819,1262
3dfront_1013_00,smooth100_thr001_min256,0.01,1.0,0,0,256,142x160x147,1.0,0.08529650419950485,0.08529648184776306,0.38084069192409503,1885343,0.5645009940595956,0.9926543271303944,0.6349094037530572,0.6319403273464643,604178,0.18090028264827057,0.3204605209768196,0.6795394790231803,3.0,6.4031243324279785,3.605551242828369,13.928388595581055,0.0411946102976799,0.11003779135644437,162,0.9982353860457231,0.9988917525090522,0.0012300911443502952,2322
3dfront_1013_00,smooth100_thr001_close1_min64,0.01,1.0,1,0,64,142x160x147,1.0,0.08529650419950485,0.08529648184776306,0.38084069192409503,1876583,0.561878113921625,0.9341543105449962,0.6002814690317455,0.5759134144689249,462543,0.13849256251796493,0.2464815038823223,0.7535184961176777,3.0,6.324555397033691,3.316624879837036,13.601470947265625,0.03852825611829758,0.11263513863086694,79,0.9993575175244287,0.9997277706923574,0.0002722293076425581,511
3dfront_1005_01,raw_thr001,0.01,0.0,0,0,0,132x160x126,1.0,0.06285572797060013,0.06285572797060013,0.36108609139919273,790782,0.2971613455988456,1.0,1.0,1.0,400053,0.15033256673881673,0.5058954300932494,0.49410456990675056,2.2360680103302,5.385164737701416,6.4031243324279785,16.0,0.11332549899816513,0.418326699733734,1093,0.9952388901113075,0.9962075515123004,0.0,0
3dfront_1005_01,smooth075_thr001,0.01,0.75,0,0,0,132x160x126,1.0,0.06285572797060013,0.06285575032234192,0.35206313282251356,951001,0.3573687018999519,0.9963061880518271,0.8284544390594752,0.8259176326785628,304404,0.11438943001443001,0.32008799149527706,0.679912008504723,3.605551242828369,8.124038696289062,8.485280990600586,16.0,0.056361597031354904,0.1844047725200651,260,0.9973796031760219,0.9987791810944467,0.0,0
3dfront_1005_01,smooth100_thr001,0.01,1.0,0,0,0,132x160x126,1.0,0.06285572797060013,0.06285573542118073,0.346199245750904,989323,0.37176940536315534,0.9936708220470369,0.7942572850322898,0.7902593510390937,278750,0.10474912818662818,0.28175833372922693,0.7182416662707731,4.123105525970459,9.165151596069336,9.110433578491211,16.0,0.04292960464954376,0.13153483569622038,71,0.9979470809836626,0.999506733392431,0.0,0
3dfront_1005_01,smooth100_thr002,0.02,1.0,0,0,0,132x160x126,1.0,0.06285572797060013,0.06285573542118073,0.346199245750904,909758,0.3418703403078403,0.9800905938678423,0.8519166635522853,0.8374244464085436,283894,0.10668214886964887,0.3120544144706614,0.6879455855293386,3.7416574954986572,8.124038696289062,9.433980941772461,16.0,0.04922958090901375,0.14302878677844982,48,0.9943314595749639,0.9994910734503022,0.0,0
3dfront_1005_01,smooth100_thr001_min64,0.01,1.0,0,0,64,132x160x126,1.0,0.06285572797060013,0.06285573542118073,0.346199245750904,988794,0.3715706168831169,0.9932244284771277,0.7943252082840309,0.7900441783550202,278223,0.10455109126984127,0.2813761005831346,0.7186238994168654,4.123105525970459,9.165151596069336,9.380831718444824,16.0,0.04299459233880043,0.13159491717815397,71,0.9979470809836626,0.999506733392431,0.0005347090889426405,529
3dfront_1005_01,smooth100_thr001_min256,0.01,1.0,0,0,256,132x160x126,1.0,0.06285572797060013,0.06285573542118073,0.346199245750904,988704,0.37153679653679655,0.9932004016277558,0.7943782972456873,0.7900814923532388,278138,0.10451914983164984,0.28131574262873416,0.7186842573712658,4.123105525970459,9.165151596069336,9.433980941772461,16.0,0.04299769923090935,0.13161267489194867,71,0.9979470809836626,0.999506733392431,0.0006256803895188933,619
3dfront_1005_01,smooth100_thr001_close1_min64,0.01,1.0,1,0,64,132x160x126,1.0,0.06285572797060013,0.06285573542118073,0.346199245750904,902830,0.3392669252044252,0.8720848476571292,0.7638525525292691,0.6868931047637261,246773,0.09273275913900914,0.27333274259827434,0.7266672574017257,3.0,6.082762718200684,8.774964332580566,16.0,0.042967624962329865,0.131183460354805,33,0.9981561747658397,0.9998372118261732,0.00020376206791921278,184
3dfront_0079_02,raw_thr001,0.01,0.0,0,0,0,147x160x127,1.0,0.08468692004680634,0.08468692004680634,0.4042649358510971,1182914,0.3960154534254647,1.0,1.0,1.0,757135,0.2534733381541593,0.6400592097143156,0.3599407902856844,1.4142135381698608,3.0,2.8284270763397217,12.12435531616211,0.11835921555757523,0.33551666438579547,641,0.9977766769181868,0.9981587841550611,0.0,0
3dfront_0079_02,smooth075_thr001,0.01,0.75,0,0,0,147x160x127,1.0,0.08468692004680634,0.08468692749738693,0.36821821182966186,1576200,0.5276795757673148,0.9989052458589551,0.7496631138180434,0.7490476990418353,542724,0.18169291338582677,0.3443243243243243,0.6556756756756756,2.8284270763397217,5.4772257804870605,3.605551242828369,13.892443656921387,0.05519125983119011,0.1422829613089561,179,0.9984272300469483,0.9989189189189189,0.0,0
3dfront_0079_02,smooth100_thr001,0.01,1.0,0,0,0,147x160x127,1.0,0.08468692004680634,0.08468691259622574,0.35541579276323276,1674466,0.560577026086025,0.9982957340939409,0.705238565608379,0.7043905034470993,483096,0.16173067652257753,0.28850750030158867,0.7114924996984113,3.1622776985168457,6.4031243324279785,4.123105525970459,14.560219764709473,0.04018385708332062,0.10226521454751492,71,0.9984424885306719,0.9990809010156073,0.0,0
3dfront_0079_02,smooth100_thr002,0.02,1.0,0,0,0,147x160x127,1.0,0.08468692004680634,0.08468691259622574,0.35541579276323276,1527888,0.5115057046440623,0.9921845544139304,0.7681642895290755,0.7635442086013376,505502,0.16923174781723713,0.33085016702794967,0.6691498329720503,3.0,5.830951690673828,4.0,14.560219764709473,0.04933258891105652,0.11725903339684002,58,0.9977478715717383,0.999147188799179,0.0,0
3dfront_0079_02,smooth100_thr001_min64,0.01,1.0,0,0,64,147x160x127,1.0,0.08468692004680634,0.08468691259622574,0.35541579276323276,1673777,0.5603463629546307,0.9979795657165271,0.7053054259916345,0.7042997505618473,482409,0.1615006829503455,0.2882158136956118,0.7117841863043882,3.1622776985168457,6.4031243324279785,4.123105525970459,15.132745742797852,0.04022632911801338,0.1023253709077835,71,0.9984424885306719,0.9990809010156073,0.0004114744640978079,689
3dfront_0079_02,smooth100_thr001_min256,0.01,1.0,0,0,256,147x160x127,1.0,0.08468692004680634,0.08468691259622574,0.35541579276323276,1672496,0.5599175103112111,0.9975822418197773,0.7055646171948992,0.7043601479327378,481219,0.16110229524880817,0.2877250528551339,0.7122749471448662,3.1622776985168457,6.4031243324279785,4.123105525970459,15.394804000854492,0.040278274565935135,0.10241994485259051,71,0.9984424885306719,0.9990809010156073,0.0011764944764480138,1970
3dfront_0079_02,smooth100_thr001_close1_min64,0.01,1.0,1,0,64,147x160x127,1.0,0.08468692004680634,0.08468691259622574,0.35541579276323276,1641146,0.5494221704429804,0.9408790495336093,0.678171838459223,0.6504537190232373,382606,0.12808867641544808,0.23313343236981962,0.7668665676301804,3.0,7.0,4.0,14.456831932067871,0.03885591775178909,0.107621805742383,29,0.9994053784011016,0.9998574370346903,0.00014256296530967843,234
3dfront_1010_00,raw_thr001,0.01,0.0,0,0,0,160x124x109,1.0,0.07925860583782196,0.07925860583782196,0.47778770625591177,729516,0.3373390796093519,1.0,1.0,1.0,453063,0.20950308893163658,0.6210460085865149,0.37895399141348507,1.4142135381698608,4.0,4.4721360206604,16.0,0.15377137064933777,0.489258724451065,897,0.9966895859720691,0.9972639393789855,0.0,0
3dfront_1010_00,smooth075_thr001,0.01,0.75,0,0,0,160x124x109,1.0,0.07925860583782196,0.07925859838724136,0.42474728673696505,933823,0.4318136837821841,0.9965689580488982,0.778534047672846,0.7764528593673571,306733,0.1418379143237644,0.32847017047127774,0.6715298295287222,3.1622776985168457,7.071067810058594,6.082762718200684,16.0,0.05863230675458908,0.18070893585681913,190,0.9984579518816735,0.9990062356570785,0.0,0
3dfront_1010_00,smooth100_thr001,0.01,1.0,0,0,0,160x124x109,1.0,0.07925860583782196,0.07925861328840256,0.40790155678987505,981499,0.4538597773009766,0.9950857829026368,0.7396146098977177,0.7369229426120006,277156,0.12816106836342114,0.28238031826828147,0.7176196817317185,4.0,8.062257766723633,6.557438373565674,16.0,0.0423014760017395,0.12418400309979916,60,0.9992256741983435,0.9995496684153524,0.0,0
3dfront_1010_00,smooth100_thr002,0.02,1.0,0,0,0,160x124x109,1.0,0.07925860583782196,0.07925861328840256,0.40790155678987505,897621,0.415073339005623,0.9814438614094825,0.7976406523465918,0.7857901703107474,281971,0.13038759618230245,0.31413146528434605,0.6858685347156539,3.316624879837036,7.141428470611572,6.7082037925720215,16.0,0.05154310539364815,0.14041069895029068,50,0.998898198682963,0.9996713534999738,0.0,0
3dfront_1010_00,smooth100_thr001_min64,0.01,1.0,0,0,64,160x124x109,1.0,0.07925860583782196,0.07925861328840256,0.40790155678987505,981010,0.4536336564072211,0.9946882590649143,0.7396876688311026,0.7367773902536845,276667,0.12793494746966558,0.28202260935158663,0.7179773906484134,4.0,8.062257766723633,7.0,16.0,0.0423620343208313,0.12424923405051233,60,0.9992256741983435,0.9995496684153524,0.0004982175223815817,489
3dfront_1010_00,smooth100_thr001_min256,0.01,1.0,0,0,256,160x124x109,1.0,0.07925860583782196,0.07925861328840256,0.40790155678987505,980739,0.45350834196507844,0.9945141710394289,0.7397625667991178,0.7367561622802341,276399,0.1278110202722699,0.2818272751465986,0.7181727248534013,4.0,8.062257766723633,7.0,16.0,0.0423932708799839,0.12427573129534714,60,0.9992256741983435,0.9995496684153524,0.000774325801656446,760
3dfront_1010_00,smooth100_thr001_close1_min64,0.01,1.0,1,0,64,160x124x109,1.0,0.07925860583782196,0.07925861328840256,0.40790155678987505,921175,0.42596505992897304,0.8945533751144594,0.7084332510109371,0.6538332832381525,237886,0.11000203462562888,0.25824191928786605,0.741758080712134,3.0,6.4031243324279785,6.324555397033691,16.0,0.041460879147052765,0.1257273405790329,29,0.9997167464696408,0.9998458927152836,0.0002832535303591351,261
3dfront_0005_01,raw_thr001,0.01,0.0,0,0,0,139x160x154,1.0,0.09018226712942123,0.09018226712942123,0.5562955081462856,1145014,0.33431456133794263,1.0,1.0,1.0,704719,0.2057597752966458,0.6154675838024688,0.3845324161975312,1.4142135381698608,3.7416574954986572,5.0,16.0,0.15347063541412354,0.4473301112651824,402,0.9990690070165081,0.9991764292838341,0.0,0
3dfront_0005_01,smooth075_thr001,0.01,0.75,0,0,0,139x160x154,1.0,0.09018226712942123,0.09018225967884064,0.49055437296628923,1471124,0.429530271886387,0.9966987303212013,0.775756496393234,0.773768326616512,488721,0.14269392927216668,0.3322092495262126,0.6677907504737874,3.0,7.874007701873779,6.633249759674072,16.0,0.05979706346988678,0.16817615926265717,82,0.9995629192372635,0.9997083862407248,0.0,0
3dfront_0005_01,smooth100_thr001,0.01,1.0,0,0,0,139x160x154,1.0,0.09018226712942123,0.09018222987651825,0.47175251394510254,1556311,0.454402679155377,0.996099611009123,0.7328535234924125,0.7307565398516251,447231,0.13057991918153788,0.2873660855703005,0.7126339144296995,3.605551242828369,8.774964332580566,7.141428470611572,16.0,0.04242467135190964,0.115393728017807,35,0.9996600936445222,0.9998406488163355,0.0,0
3dfront_0005_01,smooth100_thr002,0.02,1.0,0,0,0,139x160x154,1.0,0.09018226712942123,0.09018222987651825,0.47175251394510254,1420606,0.41478031860226106,0.9813233724653149,0.7909504816958397,0.7792205360505023,454562,0.13272038213584977,0.31997753071576496,0.680022469284235,3.1622776985168457,8.062257766723633,7.0,16.0,0.05286898836493492,0.1339664176106453,30,0.998574551986969,0.9998592150110587,0.0,0
3dfront_0005_01,smooth100_thr001_min64,0.01,1.0,0,0,64,139x160x154,1.0,0.09018226712942123,0.09018222987651825,0.47175251394510254,1555944,0.45429552461926564,0.9959022335098087,0.7328811319687598,0.7306777493278381,446865,0.13047305661963934,0.28719863953972635,0.7128013604602736,3.605551242828369,8.774964332580566,7.280109882354736,16.0,0.04245177283883095,0.1154141306877136,35,0.9996600936445222,0.9998406488163355,0.0002358140500195655,367
3dfront_0005_01,smooth100_thr001_min256,0.01,1.0,0,0,256,139x160x154,1.0,0.09018226712942123,0.09018222987651825,0.47175251394510254,1555782,0.45424822479678595,0.9958515791073297,0.7329201649074227,0.7306892777591232,446708,0.13042721666822385,0.2871276309920027,0.7128723690079972,3.605551242828369,8.774964332580566,7.280109882354736,16.0,0.042461641132831573,0.11543760187923906,35,0.9996600936445222,0.9998406488163355,0.0003399063554777933,529
3dfront_0005_01,smooth100_thr001_close1_min64,0.01,1.0,1,0,64,139x160x154,1.0,0.09018226712942123,0.09018222987651825,0.47175251394510254,1491256,0.435408296739232,0.9190595049492845,0.7056709243751575,0.6643812179042814,374360,0.10930346631785481,0.2510367099947963,0.7489632900052037,3.0,6.633249759674072,7.0,16.0,0.04061399772763252,0.11751918345689771,20,0.9998243400347834,0.9999376474169269,0.00017565996521664505,262
3dfront_0054_01,raw_thr001,0.01,0.0,0,0,0,160x128x137,1.0,0.07904113084077835,0.07904113084077835,0.4631534665822979,884197,0.3151363623403285,1.0,1.0,1.0,590270,0.21037793681569342,0.6675774742506477,0.33242252574935227,1.4142135381698608,3.1622776985168457,4.123105525970459,14.59451961517334,0.14258046448230743,0.4164711788296698,872,0.9766533928524977,0.9946041436467212,0.0,0
3dfront_0054_01,smooth075_thr001,0.01,0.75,0,0,0,160x128x137,1.0,0.07904113084077835,0.07904115319252014,0.41486876904964437,1188999,0.4237707430428832,0.9979766952387308,0.7421436014664436,0.7410286297812877,410450,0.14628834968065693,0.3452063458421748,0.6547936541578252,3.0,7.071067810058594,5.099019527435303,15.68438720703125,0.0581623874604702,0.1683788388967514,308,0.9762144459330916,0.9967645052687176,0.0,0
3dfront_0054_01,smooth100_thr001,0.01,1.0,0,0,0,160x128x137,1.0,0.07904113084077835,0.07904113829135895,0.3975635990500447,1261120,0.44947536496350365,0.9959737479317392,0.6982975450393302,0.6963318784198375,368214,0.13123503079379562,0.29197380106571935,0.7080261989342806,3.464101552963257,8.124038696289062,5.656854152679443,16.0,0.04075590521097183,0.11229692287743091,120,0.976067305252474,0.9973142920578534,0.0,0
3dfront_0054_01,smooth100_thr002,0.02,1.0,0,0,0,160x128x137,1.0,0.07904113084077835,0.07904113829135895,0.3975635990500447,1143807,0.4076638771669708,0.9838474910003088,0.7605435182683792,0.75116420240586,371483,0.1324001340100365,0.32477769413895874,0.6752223058610413,3.0,7.211102485656738,5.830951690673828,16.0,0.05140333250164986,0.13218362480401988,96,0.9803891740477196,0.9972609015332132,0.0,0
3dfront_0054_01,smooth100_thr001_min64,0.01,1.0,0,0,64,160x128x137,1.0,0.07904113084077835,0.07904113829135895,0.3975635990500447,1260248,0.449164575729927,0.9953912985454599,0.6983720664504129,0.6961211652402116,367343,0.1309245979698905,0.2914846919019114,0.7085153080980886,3.464101552963257,8.124038696289062,5.830951690673828,16.0,0.04083019122481346,0.11237205862998945,120,0.976067305252474,0.9973142920578534,0.0006914488708449632,872
3dfront_0054_01,smooth100_thr001_min256,0.01,1.0,0,0,256,160x128x137,1.0,0.07904113084077835,0.07904113829135895,0.3975635990500447,1258799,0.4486481381158759,0.994707061887792,0.698695343736371,0.6961073353811184,366021,0.13045342438412408,0.2907700117334062,0.7092299882665938,3.464101552963257,8.124038696289062,6.0,16.0,0.04091228172183037,0.11253320425748825,120,0.976067305252474,0.9973142920578534,0.0018404275564577518,2321
3dfront_0054_01,smooth100_thr001_close1_min64,0.01,1.0,1,0,64,160x128x137,1.0,0.07904113084077835,0.07904113829135895,0.3975635990500447,1216038,0.43340770415145985,0.9216871353329631,0.6701706690086987,0.6340655202515868,303839,0.10829115818886861,0.24985979056575536,0.7501402094342446,3.0,7.0,5.4772257804870605,16.0,0.039484646171331406,0.11448810026049613,67,0.9872506226726838,0.9992938932866432,0.00040442899065374466,492
3dfront_0039_00,raw_thr001,0.01,0.0,0,0,0,128x160x99,1.0,0.10201456397771835,0.10201456397771835,0.7633739769458753,557973,0.27519975142045455,1.0,1.0,1.0,315639,0.15567737926136363,0.5656886623546301,0.4343113376453699,2.0,4.123105525970459,7.8102498054504395,16.0,0.19209326803684235,0.5266220033168793,310,0.989089077786918,0.9988368612818183,0.0,0
3dfront_0039_00,smooth075_thr001,0.01,0.75,0,0,0,128x160x99,1.0,0.10201456397771835,0.10201452672481537,0.648934850096702,685588,0.3381411773989899,0.9988870429214317,0.8129547191607788,0.8122190178211012,208625,0.10289664220328283,0.3043008337368799,0.6956991662631201,4.0,8.366600036621094,9.0,16.0,0.08357291668653488,0.23460246920585623,58,0.9863693646913306,0.999458858673139,0.0,0
3dfront_0039_00,smooth100_thr001,0.01,1.0,0,0,0,128x160x99,1.0,0.10201456397771835,0.10201457142829895,0.6194154739379882,718252,0.3542514993686869,0.9985483168540413,0.7757207776657775,0.774846953392058,196503,0.09691790956439394,0.27358503700651027,0.7264149629934897,4.242640495300293,9.486832618713379,9.165151596069336,16.0,0.06203561648726463,0.1622863098978996,19,0.9855858389534592,0.9995294130750767,0.0,0
3dfront_0039_00,smooth100_thr002,0.02,1.0,0,0,0,128x160x99,1.0,0.10201456397771835,0.10201457142829895,0.6194154739379882,681322,0.33603712910353534,0.9946036815401462,0.8145370324163905,0.8109531470789806,199026,0.09816228693181818,0.29211738355726075,0.7078826164427392,4.0,8.5440034866333,9.433980941772461,16.0,0.07159720361232758,0.1789695881307125,16,0.9885590073416094,0.9997680979037812,0.0,0
3dfront_0039_00,smooth100_thr001_min64,0.01,1.0,0,0,64,128x160x99,1.0,0.10201456397771835,0.10201457142829895,0.6194154739379882,718129,0.35419083412247476,0.9984551223804736,0.7757812315057601,0.7748511455637136,196382,0.0968582307449495,0.2734634028148146,0.7265365971851854,4.242640495300293,9.486832618713379,9.380831718444824,16.0,0.062065087258815765,0.16231890991330125,19,0.9855858389534592,0.9995294130750767,0.00017124908806379934,123
3dfront_0039_00,smooth100_thr001_min256,0.01,1.0,0,0,256,128x160x99,1.0,0.10201456397771835,0.10201457142829895,0.6194154739379882,717798,0.3540275804924242,0.9982275128007986,0.7759620394595694,0.7748943706550063,196056,0.09669744318181818,0.2731353389115044,0.7268646610884957,4.242640495300293,9.486832618713379,9.486832618713379,16.0,0.062147680670022964,0.16237356886267662,19,0.9855858389534592,0.9995294130750767,0.0006320901299265439,454
3dfront_0039_00,smooth100_thr001_close1_min64,0.01,1.0,1,0,64,128x160x99,1.0,0.10201456397771835,0.10201457142829895,0.6194154739379882,643327,0.31729748658459594,0.8660652038718719,0.7511592083030869,0.6729823036825665,177474,0.08753255208333334,0.2758690370526964,0.7241309629473036,2.8284270763397217,6.0,8.9442720413208,16.0,0.062450334429740906,0.16392539963126182,13,0.9854771784232366,0.9998570251915396,0.0002222325827155889,143
3dfront_0142_00,raw_thr001,0.01,0.0,0,0,0,127x160x112,1.0,0.09856177121400833,0.09856177121400833,0.6554882615804671,711591,0.31267180469628797,1.0,1.0,1.0,561893,0.24689477291901013,0.7896291549499642,0.21037084505003578,1.4142135381698608,2.4494898319244385,3.7416574954986572,16.0,0.23574887216091156,0.5476641774177552,720,0.9957925268869336,0.9962998407793241,0.0,0
3dfront_0142_00,smooth075_thr001,0.01,0.75,0,0,0,127x160x112,1.0,0.09856177121400833,0.09856175631284714,0.5125100493431087,1023079,0.449539071287964,0.9977135742301406,0.6939483656687313,0.6928465335423039,381376,0.16757592800899887,0.37277277707782097,0.627227222922179,2.8284270763397217,5.4772257804870605,5.385164737701416,16.0,0.08276189118623734,0.22111709788441658,181,0.9975651929127662,0.9981653420703582,0.0,0
3dfront_0142_00,smooth100_thr001,0.01,1.0,0,0,0,127x160x112,1.0,0.09856177121400833,0.09856175631284714,0.47425939142704004,1099539,0.48313545767716537,0.9967987228618687,0.6451003556945228,0.6437666146011543,323243,0.1420323924353206,0.29398047727274795,0.7060195227272521,3.316624879837036,6.78233003616333,6.0,16.0,0.05639766529202461,0.1493235811591147,66,0.9979109426768855,0.9986376108532757,0.0,0
3dfront_0142_00,smooth100_thr002,0.02,1.0,0,0,0,127x160x112,1.0,0.09856177121400833,0.09856175631284714,0.47425939142704004,1007811,0.44283033956692913,0.9877218795628387,0.6974065573803024,0.6914125058531422,344228,0.1512531636670416,0.3415600742599555,0.6584399257400445,3.0,6.0,6.0,16.0,0.06992806494235992,0.16274567842483514,69,0.9980631289001608,0.9987100755994923,0.0,0
3dfront_0142_00,smooth100_thr001_min64,0.01,1.0,0,0,64,127x160x112,1.0,0.09856177121400833,0.09856175631284714,0.47425939142704004,1098797,0.4828094242125984,0.9961930378546103,0.645143734465966,0.6435570936517822,322503,0.1417072377671541,0.2935055337792149,0.706494466220785,3.316624879837036,6.78233003616333,6.164413928985596,16.0,0.0565069243311882,0.14939179569482802,66,0.9979109426768855,0.9986376108532757,0.0006748282689381641,742
3dfront_0142_00,smooth100_thr001_min256,0.01,1.0,0,0,256,127x160x112,1.0,0.09856177121400833,0.09856175631284714,0.47425939142704004,1097242,0.4821261600112486,0.9955578415128915,0.6456460835440131,0.643791410964892,321101,0.1410912014904387,0.2926437376622477,0.7073562623377523,3.316624879837036,6.78233003616333,6.4031243324279785,16.0,0.05659027770161629,0.14952227473258972,66,0.9979109426768855,0.9986376108532757,0.0020890573231145053,2297
3dfront_0142_00,smooth100_thr001_close1_min64,0.01,1.0,1,0,64,127x160x112,1.0,0.09856177121400833,0.09856175631284714,0.47425939142704004,1051458,0.4620087528121485,0.9127335786989998,0.6177070315694968,0.5832602940489746,247717,0.10884640396512936,0.23559381354271877,0.7644061864572812,3.0,6.324555397033691,5.830951690673828,16.0,0.05527403578162193,0.15406566262245172,32,0.9988153866631173,0.9995807267403168,0.0003441653514859957,362
3dfront_0045_01,raw_thr001,0.01,0.0,0,0,0,107x160x86,1.0,0.10078582167625427,0.10078582167625427,0.6074958443641665,546350,0.37108101499673984,1.0,1.0,1.0,386019,0.262184171919148,0.7065415942161618,0.2934584057838382,1.4142135381698608,3.0,3.0,12.845232963562012,0.18217118084430695,0.4952964872121811,442,0.9979408803880296,0.998336231353528,0.0,0
3dfront_0045_01,smooth075_thr001,0.01,0.75,0,0,0,107x160x86,1.0,0.10078582167625427,0.10078579932451248,0.4999145269393922,761106,0.5169433275374918,0.9986217626063878,0.7168475875896393,0.7161390756032284,289977,0.19695242881982178,0.3809942373335646,0.6190057626664354,2.4494898319244385,5.385164737701416,4.123105525970459,14.0,0.070060595870018,0.19599603712558755,67,0.9995743037106527,0.9998081738943064,0.0,0
3dfront_0045_01,smooth100_thr001,0.01,1.0,0,0,0,107x160x86,1.0,0.10078582167625427,0.10078584402799606,0.4693597570061684,815283,0.553740355357531,0.9978274000183033,0.6686794646766828,0.6677073254375544,249316,0.16933547054988046,0.305803015639968,0.694196984360032,3.1622776985168457,6.4031243324279785,4.582575798034668,14.142135620117188,0.04958461597561836,0.13459669798612595,17,0.999363411232664,0.9999546169857583,0.0,0
3dfront_0045_01,smooth100_thr002,0.02,1.0,0,0,0,107x160x86,1.0,0.10078582167625427,0.10078584402799606,0.4693597570061684,742848,0.5045424907628776,0.990275464445868,0.7283280024984923,0.7231558447981117,267149,0.1814476472505977,0.35962808003790814,0.6403719199620919,2.8284270763397217,5.74456262588501,4.358899116516113,14.177447319030762,0.06005091220140457,0.14951840341091144,30,0.9990751809253037,0.9996473033514258,0.0,0
3dfront_0045_01,smooth100_thr001_min64,0.01,1.0,0,0,64,107x160x86,1.0,0.10078582167625427,0.10078584402799606,0.4693597570061684,815171,0.553664284938057,0.997708428662945,0.6686915996766323,0.6676661485528947,249205,0.16926007933058032,0.3057088635390611,0.6942911364609389,3.1622776985168457,6.4031243324279785,4.582575798034668,14.142135620117188,0.049602411687374115,0.134628865122795,17,0.999363411232664,0.9999546169857583,0.00013737561067751934,112
3dfront_0045_01,smooth100_thr001_min256,0.01,1.0,0,0,256,107x160x86,1.0,0.10078582167625427,0.10078584402799606,0.4693597570061684,815171,0.553664284938057,0.997708428662945,0.6686915996766323,0.6676661485528947,249205,0.16926007933058032,0.3057088635390611,0.6942911364609389,3.1622776985168457,6.4031243324279785,4.582575798034668,14.142135620117188,0.049602411687374115,0.134628865122795,17,0.999363411232664,0.9999546169857583,0.00013737561067751934,112
3dfront_0045_01,smooth100_thr001_close1_min64,0.01,1.0,1,0,64,107x160x86,1.0,0.10078582167625427,0.10078584402799606,0.4693597570061684,779614,0.5295139643555749,0.9100466733778714,0.6377566334108931,0.5999372556590569,190157,0.12915466746359486,0.24391173067697605,0.756088269323024,3.0,6.557438373565674,4.242640495300293,14.0,0.04985940828919411,0.13995347619056694,6,0.9999794774444287,0.9999987173402768,2.0522555571232507e-05,16
3dfront_0046_00,raw_thr001,0.01,0.0,0,0,0,144x160x132,1.0,0.15188559889793396,0.15188559889793396,0.999686312675476,1161822,0.3820174400252525,1.0,1.0,1.0,510837,0.16796776357323231,0.4396861137076075,0.5603138862923924,2.2360680103302,5.4772257804870605,6.4031243324279785,16.0,0.17907437682151794,0.5248398423194883,689,0.9969194936918048,0.9979024325585159,0.0,0
3dfront_0046_00,smooth075_thr001,0.01,0.75,0,0,0,144x160x132,1.0,0.15188559889793396,0.15188555419445038,0.9133702367544165,1370842,0.4507450810185185,0.9981856084667015,0.8459866271970073,0.8446877162314724,345369,0.11356040877525253,0.2519393190462504,0.7480606809537496,4.242640495300293,10.198039054870605,7.6157732009887695,16.0,0.0714210495352745,0.21609345972537977,202,0.9967319355549363,0.9988328341267629,0.0,0
3dfront_0046_00,smooth100_thr001,0.01,1.0,0,0,0,144x160x132,1.0,0.15188559889793396,0.15188565850257874,0.8838802129030228,1423446,0.4680417455808081,0.9972887413046061,0.8139908363225581,0.8121935011734226,314924,0.10354982112794613,0.22124056690594515,0.7787594330940548,5.0,11.224971771240234,8.0,16.0,0.05439282953739166,0.15553513020277018,58,0.9969573837012433,0.999237765254179,0.0,0
3dfront_0046_00,smooth100_thr002,0.02,1.0,0,0,0,144x160x132,1.0,0.15188559889793396,0.15188565850257874,0.8838802129030228,1342747,0.4415071943392256,0.9901000325351044,0.8566915435297938,0.849415432464783,324375,0.10665739425505051,0.24157566540830105,0.758424334591699,4.4721360206604,10.344079971313477,8.0,16.0,0.06435611844062805,0.17009089440107344,52,0.9980420734509181,0.999393780064301,0.0,0
3dfront_0046_00,smooth100_thr001_min64,0.01,1.0,0,0,64,144x160x132,1.0,0.15188559889793396,0.15188565850257874,0.8838802129030228,1422971,0.46788556134259257,0.9970606512873745,0.8140763234106668,0.8121272923318092,314450,0.1033939656986532,0.22098131304151666,0.7790186869584833,5.0,11.224971771240234,8.0,16.0,0.054460715502500534,0.15557136312127112,58,0.9969573837012433,0.999237765254179,0.00033369723895391887,475
3dfront_0046_00,smooth100_thr001_min256,0.01,1.0,0,0,256,144x160x132,1.0,0.15188559889793396,0.15188565850257874,0.8838802129030228,1422361,0.46768498789983165,0.9968032968905736,0.814215237903739,0.8120947355503743,313867,0.10320227009680134,0.22066620218074035,0.7793337978192596,5.0,11.224971771240234,8.062257766723633,16.0,0.054528649896383286,0.1556094631552697,58,0.9969573837012433,0.999237765254179,0.0007622347458210568,1085
3dfront_0046_00,smooth100_thr001_close1_min64,0.01,1.0,1,0,64,144x160x132,1.0,0.15188559889793396,0.15188565850257874,0.8838802129030228,1329627,0.4371932212752525,0.9100318293163668,0.7951816562088465,0.7372255699178749,279060,0.09175741792929293,0.2098784095088322,0.7901215904911678,3.0,7.8102498054504395,7.211102485656738,16.0,0.055078648030757904,0.15653852969408036,31,0.9976295298015935,0.9998255237671224,5.038753277069762e-05,67
3dfront_0065_01,raw_thr001,0.01,0.0,0,0,0,137x160x148,1.0,0.06673356145620346,0.06673356145620346,0.33710122406482695,1169385,0.36045848540145986,1.0,1.0,1.0,782239,0.24112220112448216,0.6689319599618603,0.3310680400381397,1.4142135381698608,3.0,3.0,12.649110794067383,0.11412717401981354,0.32138831615447994,1115,0.9931887274079965,0.9960799907643761,0.0,0
3dfront_0065_01,smooth075_thr001,0.01,0.75,0,0,0,137x160x148,1.0,0.06673356145620346,0.06673357635736465,0.30246753543615323,1574722,0.4854020763464194,0.9982401005656819,0.7412908437171768,0.7403233171399942,575365,0.17735407624778063,0.3653756028048125,0.6346243971951875,2.8284270763397217,5.830951690673828,3.605551242828369,13.928388595581055,0.048327282071113586,0.12678053677082063,400,0.9964539772734489,0.9976865757892505,0.0,0
3dfront_0065_01,smooth100_thr001,0.01,1.0,0,0,0,137x160x148,1.0,0.06673356145620346,0.06673353165388107,0.2901273623108859,1673724,0.5159190668770961,0.9965896603770358,0.6962898303423981,0.6946347168047913,509579,0.1570757915762478,0.3044582021886524,0.6955417978113476,3.1622776985168457,7.0,4.123105525970459,14.491376876831055,0.03474804013967514,0.08881405070424075,139,0.9952907408867889,0.9980821210665558,0.0,0
3dfront_0065_01,smooth100_thr002,0.02,1.0,0,0,0,137x160x148,1.0,0.06673356145620346,0.06673353165388107,0.2901273623108859,1498131,0.4617931914578812,0.9843156873057205,0.7683199933784162,0.7590275323250281,521879,0.16086721986585126,0.3483533816468653,0.6516466183531346,2.8284270763397217,6.0,4.123105525970459,14.764822959899902,0.043819621205329895,0.10451525822281836,136,0.9914887282887812,0.9974154463127723,0.0,0
3dfront_0065_01,smooth100_thr001_min64,0.01,1.0,0,0,64,137x160x148,1.0,0.06673356145620346,0.06673353165388107,0.2901273623108859,1672627,0.5155809207930558,0.9959833587740564,0.6963226110782619,0.6943727031867427,508482,0.15673764549220753,0.3040020279476536,0.6959979720523464,3.1622776985168457,7.0,4.123105525970459,15.0,0.03480616956949234,0.08888098038732996,139,0.9952907408867889,0.9980821210665558,0.0006554246697782908,1097
3dfront_0065_01,smooth100_thr001_min256,0.01,1.0,0,0,256,137x160x148,1.0,0.06673356145620346,0.06673353165388107,0.2901273623108859,1670830,0.5150270023673308,0.9952812803311142,0.6965801428032774,0.6942872243710733,506801,0.15621948362596172,0.30332289939730556,0.6966771006026944,3.1622776985168457,7.0,4.242640495300293,15.0,0.034863635897636414,0.08899044990539551,139,0.9952907408867889,0.9980821210665558,0.0017290783904634218,2894
3dfront_0065_01,smooth100_thr001_close1_min64,0.01,1.0,1,0,64,137x160x148,1.0,0.06673356145620346,0.06673353165388107,0.2901273623108859,1648271,0.5080732762872361,0.9380691560093554,0.6655240552069411,0.6375132795410219,398691,0.12289498668376406,0.24188437459616774,0.7581156254038323,3.0,7.071067810058594,4.123105525970459,14.798648834228516,0.03294246643781662,0.09130703285336494,71,0.9983643502340368,0.9995026945464999,0.0003729790901250905,615
3dfront_0073_01,raw_thr001,0.01,0.0,0,0,0,113x160x127,1.0,0.09036251157522202,0.09036251157522202,0.5568791210651395,753500,0.32815657445474183,1.0,1.0,1.0,564253,0.24573766636471325,0.7488427339084274,0.25115726609157263,1.4142135381698608,3.0,3.464101552963257,15.394804000854492,0.1910260021686554,0.5212727665901185,1082,0.9948055739880557,0.9962508294625083,0.0,0
3dfront_0073_01,smooth075_thr001,0.01,0.75,0,0,0,113x160x127,1.0,0.09036251157522202,0.09036251157522202,0.4598093599081035,1060787,0.46198304996167516,0.9976337093563371,0.7086408487283498,0.7074517443556659,389354,0.16956745174552296,0.36704258253541944,0.6329574174645806,2.8284270763397217,6.324555397033691,4.898979663848877,16.0,0.07424666732549667,0.21606351882219313,305,0.9953675902890967,0.9975998951721693,0.0,0
3dfront_0073_01,smooth100_thr001,0.01,1.0,0,0,0,113x160x127,1.0,0.09036251157522202,0.09036251157522202,0.43234535008668873,1129847,0.4920593512647202,0.9960039814200398,0.664239494374017,0.6624740258708506,339268,0.14775451188070518,0.30027782522766355,0.6997221747723364,3.316624879837036,7.348469257354736,5.196152210235596,16.0,0.05184869468212128,0.14475860074162483,96,0.9981909054942837,0.9988609077158235,0.0,0
3dfront_0073_01,smooth100_thr002,0.02,1.0,0,0,0,113x160x127,1.0,0.09036251157522202,0.09036251157522202,0.43234535008668873,1030147,0.448639032123197,0.9853895155938952,0.7207621824846356,0.7131409702292452,352777,0.15363781269597937,0.3424530673777626,0.6575469326222374,3.0,6.633249759674072,5.196152210235596,16.0,0.06283974647521973,0.1601972192525864,96,0.9965402995883111,0.998703097713239,0.0,0
3dfront_0073_01,smooth100_thr001_min64,0.01,1.0,0,0,64,113x160x127,1.0,0.09036251157522202,0.09036251157522202,0.43234535008668873,1128972,0.4916782802592154,0.9954704711347047,0.6643982313113168,0.6623957399647646,338395,0.14737431189464148,0.299737283121282,0.700262716878718,3.316624879837036,7.348469257354736,5.4772257804870605,16.0,0.051956601440906525,0.14487367123365402,96,0.9981909054942837,0.9988609077158235,0.0007744411411456596,875
3dfront_0073_01,smooth100_thr001_min256,0.01,1.0,0,0,256,113x160x127,1.0,0.09036251157522202,0.09036251157522202,0.43234535008668873,1128140,0.49131593617169533,0.995021897810219,0.6645886148882231,0.6623862191677468,337597,0.14702677513762108,0.2992509794883614,0.7007490205116387,3.316624879837036,7.348469257354736,5.74456262588501,16.0,0.052043404430150986,0.1449745655059815,96,0.9981909054942837,0.9988609077158235,0.0015108240319264468,1707
3dfront_0073_01,smooth100_thr001_close1_min64,0.01,1.0,1,0,64,113x160x127,1.0,0.09036251157522202,0.09036251157522202,0.43234535008668873,1077212,0.46913629712215177,0.8975779694757797,0.627847628878995,0.5858737147940856,273663,0.1191828966622535,0.25404748554602063,0.7459525144539794,3.0,7.0,5.099019527435303,16.0,0.05032992362976074,0.1446081474423408,64,0.9988466188673853,0.9994850148603369,0.00045374366359500457,489
3dfront_0123_01,raw_thr001,0.01,0.0,0,0,0,160x137x114,1.0,0.04793111979961395,0.04793111979961395,0.2708757251501082,620444,0.24828883339736202,1.0,1.0,1.0,412510,0.16507795492380586,0.6648625822797868,0.3351374177202132,1.4142135381698608,3.316624879837036,4.690415859222412,14.696938514709473,0.1071845069527626,0.33060286939144123,829,0.9881085158370457,0.9906776437518938,0.0,0
3dfront_0123_01,smooth075_thr001,0.01,0.75,0,0,0,160x137x114,1.0,0.04793111979961395,0.04793109372258186,0.25839612334966644,843832,0.3376840824689461,0.9972342387064748,0.7332359995828553,0.7317479315189676,357408,0.14302727621974645,0.4235535035409892,0.5764464964590108,2.2360680103302,5.74456262588501,5.656854152679443,16.0,0.047116756439208984,0.13265250474214552,279,0.9872439063699884,0.991481716739825,0.0,0
3dfront_0123_01,smooth100_thr001,0.01,1.0,0,0,0,160x137x114,1.0,0.04793111979961395,0.047931116074323654,0.2529081955552098,900723,0.3604506819054937,0.994724745504832,0.6851951154794538,0.6827143040455931,324590,0.12989419259828403,0.3603660614861617,0.6396339385138383,3.0,6.480740547180176,6.0,16.0,0.03485988825559616,0.0981996815651655,136,0.9885347659602342,0.9929123604038089,0.0,0
3dfront_0123_01,smooth100_thr002,0.02,1.0,0,0,0,160x137x114,1.0,0.04793111979961395,0.047931116074323654,0.2529081955552098,786438,0.3147161928543988,0.9754643448884992,0.7695724265612801,0.7549587668603063,320594,0.12829507619413497,0.4076532415778485,0.5923467584221516,2.4494898319244385,5.830951690673828,6.4031243324279785,16.0,0.04305523633956909,0.11150881536304919,123,0.9849524056568986,0.9939473931829337,0.0,0
3dfront_0123_01,smooth100_thr001_min64,0.01,1.0,0,0,64,160x137x114,1.0,0.04793111979961395,0.047931116074323654,0.2529081955552098,899399,0.35992084453835316,0.9934305110533747,0.6853109687691448,0.6822192091646144,323272,0.12936675630682545,0.35943113123319015,0.6405688687668099,3.0,6.480740547180176,6.4031243324279785,16.0,0.03496425971388817,0.09836989305913454,136,0.9885347659602342,0.9929123604038089,0.00146993026712985,1324
3dfront_0123_01,smooth100_thr001_min256,0.01,1.0,0,0,256,160x137x114,1.0,0.04793111979961395,0.047931116074323654,0.2529081955552098,897009,0.3589644160583942,0.9917317276015241,0.6859619022774577,0.6820611901270204,321027,0.12846835382251248,0.3578860412771778,0.6421139587228222,3.0,6.480740547180176,6.78233003616333,16.0,0.03509308025240898,0.09864392951130871,136,0.9885347659602342,0.9929123604038089,0.004123354238761528,3714
3dfront_0123_01,smooth100_thr001_close1_min64,0.01,1.0,1,0,64,160x137x114,1.0,0.04793111979961395,0.047931116074323654,0.2529081955552098,866836,0.34688980663337177,0.9070891168260149,0.6492554531653046,0.6087711821322643,265595,0.10628561595594826,0.30639590418487467,0.6936040958151253,2.4494898319244385,5.830951690673828,6.164413928985596,16.0,0.03420866280794144,0.10356452986598005,68,0.9935192261803896,0.9969186929171436,0.0007527472970838824,653
3dfront_0089_01,raw_thr001,0.01,0.0,0,0,0,114x137x160,1.0,0.09424484521150589,0.09424484521150589,0.5664821624755851,878499,0.3515570975797157,1.0,1.0,1.0,664272,0.265827890895121,0.7561442870168321,0.24385571298316788,1.4142135381698608,2.4494898319244385,2.4494898319244385,11.045360565185547,0.15407659113407135,0.4458480551838875,1042,0.9957859940648766,0.9967182660424201,0.0,0
3dfront_0089_01,smooth075_thr001,0.01,0.75,0,0,0,114x137x160,1.0,0.09424484521150589,0.0942448154091835,0.48514366000890585,1248688,0.49969906518120116,0.997317014589658,0.7016500518944684,0.7003281256869257,452234,0.1809746766551415,0.3621673308304396,0.6378326691695604,2.8284270763397217,6.164413928985596,3.605551242828369,13.0,0.05453331395983696,0.1547624610364436,304,0.9973163832758863,0.998254167574286,0.0,0
3dfront_0089_01,smooth100_thr001,0.01,1.0,0,0,0,114x137x160,1.0,0.09424484521150589,0.0942448154091835,0.46322976648807507,1329746,0.5321367972851838,0.9952817248511381,0.6575345968327786,0.6554913407467327,393440,0.15744653604814957,0.29587605452469873,0.7041239454753012,3.1622776985168457,7.141428470611572,4.123105525970459,14.071247100830078,0.03857312723994255,0.10686376318335532,108,0.9981462625193082,0.9990983240408319,0.0,0
3dfront_0089_01,smooth100_thr002,0.02,1.0,0,0,0,114x137x160,1.0,0.09424484521150589,0.0942448154091835,0.46322976648807507,1191372,0.47676238955051864,0.9811860912761426,0.7235112122829813,0.7136112260948754,406725,0.16276291778716864,0.3413921092656198,0.6586078907343802,2.8284270763397217,6.4031243324279785,4.123105525970459,14.456831932067871,0.048916295170784,0.12411780357360838,85,0.9984001638447101,0.9993008061294038,0.0,0
3dfront_0089_01,smooth100_thr001_min64,0.01,1.0,0,0,64,114x137x160,1.0,0.09424484521150589,0.0942448154091835,0.46322976648807507,1328888,0.5317934434626713,0.9947102956292494,0.6575813763086129,0.6552898874045301,392583,0.1571035824049174,0.29542218757336963,0.7045778124266304,3.1622776985168457,7.141428470611572,4.123105525970459,14.560219764709473,0.03864014521241188,0.10694091394543642,108,0.9981462625193082,0.9990983240408319,0.0006452360074781199,858
3dfront_0089_01,smooth100_thr001_min256,0.01,1.0,0,0,256,114x137x160,1.0,0.09424484521150589,0.0942448154091835,0.46322976648807507,1327917,0.5314048693814829,0.9942083030259568,0.6577301141562312,0.6552195978259646,391670,0.15673821872198745,0.2949506633321209,0.7050493366678792,3.1622776985168457,7.141428470611572,4.242640495300293,15.066518783569336,0.03869805485010147,0.10704205483198165,108,0.9981462625193082,0.9990983240408319,0.0013754506499737544,1829
3dfront_0089_01,smooth100_thr001_close1_min64,0.01,1.0,1,0,64,114x137x160,1.0,0.09424484521150589,0.0942448154091835,0.46322976648807507,1310794,0.524552599564605,0.9389003288563789,0.6292544823976918,0.6045006486034871,306037,0.12246966641055193,0.23347452002374133,0.7665254799762586,3.1622776985168457,7.280109882354736,4.123105525970459,14.422204971313477,0.036725323647260666,0.11100821495056155,50,0.9986378058453841,0.999698730856062,0.0002486423820855452,326
3dfront_1002_02,raw_thr001,0.01,0.0,0,0,0,160x95x134,1.0,0.1084604263305664,0.1084604263305664,0.5898290812969204,819388,0.40229183032207383,1.0,1.0,1.0,587488,0.2884367635506677,0.7169838952974659,0.28301610470253413,1.4142135381698608,2.8284270763397217,2.0,7.0,0.17008936405181885,0.47974795401096354,497,0.9973077467573359,0.9980570865084673,0.0,0
3dfront_1002_02,smooth075_thr001,0.01,0.75,0,0,0,160x95x134,1.0,0.1084604263305664,0.10846049338579178,0.4956419676542277,1193382,0.5859102513747054,0.9989455544870074,0.6858859945935166,0.6853897773155615,469792,0.23065200314218381,0.39366439245773777,0.6063356075422622,2.2360680103302,5.099019527435303,2.2360680103302,7.8102498054504395,0.06980209052562714,0.19402738064527486,135,0.9987237950631064,0.9995089585731979,0.0,0
3dfront_1002_02,smooth100_thr001,0.01,1.0,0,0,0,160x95x134,1.0,0.1084604263305664,0.1084604561328888,0.46500516235828354,1293072,0.6348546739984289,0.9981937738897811,0.6325309031515647,0.6318077605225592,419910,0.2061616260801257,0.32473829763539847,0.6752617023646015,3.0,5.830951690673828,2.2360680103302,8.062257766723633,0.047073472291231155,0.12328664250671863,50,0.9993867317519829,0.999759487484069,0.0,0
3dfront_1002_02,smooth100_thr002,0.02,1.0,0,0,0,160x95x134,1.0,0.1084604263305664,0.1084604561328888,0.46500516235828354,1166116,0.5725235663786331,0.9904660551533584,0.6959650669401672,0.6913337104149487,432987,0.2125819913589945,0.3713069711761094,0.6286930288238906,2.4494898319244385,5.196152210235596,2.2360680103302,7.8102498054504395,0.060412194579839706,0.14867739677429198,39,0.9984709925942188,0.9994271581900943,0.0,0
3dfront_1002_02,smooth100_thr001_min64,0.01,1.0,0,0,64,160x95x134,1.0,0.1084604263305664,0.1084604561328888,0.46500516235828354,1292761,0.6347019835035349,0.99794114631896,0.6325229489441591,0.6316986082098315,419600,0.20600942655145327,0.3245766232118698,0.6754233767881301,3.0,5.830951690673828,2.2360680103302,8.062257766723633,0.04710022732615471,0.12332141809165477,50,0.9993867317519829,0.999759487484069,0.0002405125159310541,311
3dfront_1002_02,smooth100_thr001_min256,0.01,1.0,0,0,256,160x95x134,1.0,0.1084604263305664,0.1084604561328888,0.46500516235828354,1292279,0.6344653377847604,0.9976409222492885,0.6325685088127254,0.631623721615933,419149,0.20578800078554596,0.3243486894084017,0.6756513105915982,3.0,5.830951690673828,2.2360680103302,8.124038696289062,0.047134533524513245,0.12336167693138123,50,0.9993867317519829,0.999759487484069,0.0006132682480171251,793
3dfront_1002_02,smooth100_thr001_close1_min64,0.01,1.0,1,0,64,160x95x134,1.0,0.1084604263305664,0.1084604561328888,0.46500516235828354,1286374,0.6315661822466614,0.9441070652731063,0.6013725401788282,0.58069828820903,328359,0.1612131775333857,0.25525935692108204,0.744740643078918,3.0,6.4031243324279785,2.2360680103302,8.062257766723633,0.04347683861851692,0.1230648882687091,23,0.9998445370312792,0.9999518064796965,8.239537342205086e-05,106
3dfront_0075_00,raw_thr001,0.01,0.0,0,0,0,130x160x96,1.0,0.07421037554740906,0.07421037554740906,0.46780825257301306,576697,0.28881059695512823,1.0,1.0,1.0,338537,0.16953976362179488,0.5870275031775786,0.41297249682242143,1.7320507764816284,4.123105525970459,6.7082037925720215,16.0,0.14959950745105743,0.4627803504467011,539,0.9966828334463331,0.9975706480179366,0.0,0
3dfront_0075_00,smooth075_thr001,0.01,0.75,0,0,0,130x160x96,1.0,0.07421037554740906,0.07421043515205383,0.43188519179821,718180,0.35966546474358974,0.9979746730085296,0.8013715224595506,0.8000703414758921,241270,0.12082832532051282,0.3359464201175193,0.6640535798824807,3.316624879837036,7.348469257354736,7.874007701873779,16.0,0.06309603899717331,0.18871990889310833,150,0.9975326519813974,0.9989069592581247,0.0,0
3dfront_0075_00,smooth100_thr001,0.01,1.0,0,0,0,130x160x96,1.0,0.07421037554740906,0.07421038299798965,0.4174356445670121,753248,0.3772275641025641,0.996606536881586,0.763015633629296,0.7610383935487716,222731,0.11154397035256411,0.2956941140235354,0.7043058859764646,4.0,8.602325439453125,8.124038696289062,16.0,0.04703781381249428,0.1337503269314766,56,0.9980006584816687,0.999462328476146,0.0,0
3dfront_0075_00,smooth100_thr002,0.02,1.0,0,0,0,130x160x96,1.0,0.07421037554740906,0.07421038299798965,0.4174356445670121,694912,0.3480128205128205,0.9871440288401014,0.8192159582796095,0.8105680268137588,223354,0.11185596955128205,0.32141335881377786,0.6785866411862221,3.605551242828369,7.8102498054504395,8.485280990600586,16.0,0.055862925946712494,0.14756011143326753,45,0.9989667756492908,0.9996143396573954,0.0,0
3dfront_0075_00,smooth100_thr001_min64,0.01,1.0,0,0,64,130x160x96,1.0,0.07421037554740906,0.07421038299798965,0.4174356445670121,752909,0.37705779246794874,0.9962371921476962,0.7630762814629657,0.7608832983038861,222392,0.11137419871794872,0.29537699775138826,0.7046230022486117,4.0,8.602325439453125,8.485280990600586,16.0,0.04709652438759804,0.13383557498455043,56,0.9980006584816687,0.999462328476146,0.0004500509792259654,339
3dfront_0075_00,smooth100_thr001_min256,0.01,1.0,0,0,256,130x160x96,1.0,0.07421037554740906,0.07421038299798965,0.4174356445670121,752472,0.3768389423076923,0.9959233358245317,0.7632788994141975,0.7609015623530284,221970,0.11116286057692308,0.29498772047331995,0.70501227952668,4.0,8.602325439453125,8.602325439453125,16.0,0.04716167598962784,0.1339179821312427,56,0.9980006584816687,0.999462328476146,0.0010302051913845109,776
3dfront_0075_00,smooth100_thr001_close1_min64,0.01,1.0,1,0,64,130x160x96,1.0,0.07421037554740906,0.07421038299798965,0.4174356445670121,682753,0.341923577724359,0.8697756360792582,0.7346683207543577,0.6618658235832015,192966,0.09663762019230769,0.2826292963926925,0.7173707036073075,2.8284270763397217,5.916079998016357,8.0,16.0,0.04692240059375763,0.133776742964983,35,0.9991200263552839,0.9997496248032505,0.00032504850104323,222
3dfront_0117_00,raw_thr001,0.01,0.0,0,0,0,152x160x137,1.0,0.07745091617107391,0.07745091617107391,0.43782145380973814,1145295,0.34374249663849404,1.0,1.0,1.0,707095,0.21222357616212062,0.617391152497828,0.38260884750217194,1.4142135381698608,3.605551242828369,6.082762718200684,16.0,0.13679826259613037,0.4518343538045882,929,0.9945481295212151,0.9970880864755368,0.0,0
3dfront_0117_00,smooth075_thr001,0.01,0.75,0,0,0,152x160x137,1.0,0.07745091617107391,0.0774509608745575,0.3943054765462875,1455305,0.4367871806569343,0.9975333865947201,0.785038187871271,0.7835172446901167,421115,0.126391123223204,0.28936545947413084,0.7106345405258692,3.316624879837036,7.280109882354736,8.062257766723633,16.0,0.057429082691669464,0.17864074707031247,251,0.9946574772985731,0.9979928606031038,0.0,0
3dfront_0117_00,smooth100_thr001,0.01,1.0,0,0,0,152x160x137,1.0,0.07745091617107391,0.07745088636875153,0.3805367887020107,1520991,0.45650181281213986,0.9964297408091365,0.7503042424314148,0.7482925485876151,355627,0.10673591769112563,0.2338126918568223,0.7661873081431777,4.242640495300293,8.83176040649414,8.5440034866333,16.0,0.042259763926267624,0.12563529908657078,98,0.9949368536697456,0.9984424628416605,0.0,0
3dfront_0117_00,smooth100_thr002,0.02,1.0,0,0,0,152x160x137,1.0,0.07745091617107391,0.07745088636875153,0.3805367887020107,1409331,0.4229887989819439,0.9858394562099722,0.801143947021672,0.7920295970184118,388032,0.11646177487514406,0.275330635599444,0.724669364400556,3.605551242828369,7.549834251403809,8.602325439453125,16.0,0.049650683999061584,0.13947269991040231,87,0.9963223685564285,0.998954113689403,0.0,0
3dfront_0117_00,smooth100_thr001_min64,0.01,1.0,0,0,64,152x160x137,1.0,0.07745091617107391,0.07745088636875153,0.3805367887020107,1520011,0.4562076810411064,0.9959669779401813,0.7504393060313379,0.7481657844854162,354651,0.10644298645793315,0.23332133780610798,0.766678662193892,4.242640495300293,8.83176040649414,8.9442720413208,16.0,0.042345281690359116,0.12573619931936264,98,0.9949368536697456,0.9984424628416605,0.0006443167645304936,980
3dfront_0117_00,smooth100_thr001_min256,0.01,1.0,0,0,256,152x160x137,1.0,0.07745091617107391,0.07745088636875153,0.3805367887020107,1518937,0.4558853366308106,0.995571446657848,0.7506716868441549,0.7481734031754406,353630,0.10613654917402997,0.23281413251504177,0.7671858674849582,4.242640495300293,8.83176040649414,9.165151596069336,16.0,0.04242590814828873,0.12588007524609565,98,0.9949368536697456,0.9984424628416605,0.0013504353411690141,2054
3dfront_0117_00,smooth100_thr001_close1_min64,0.01,1.0,1,0,64,152x160x137,1.0,0.07745091617107391,0.07745088636875153,0.3805367887020107,1453923,0.43637239483288515,0.9203750998651002,0.7250046941963226,0.6822143565827054,282405,0.08475947224356511,0.19423655860729902,0.805763441392701,3.7416574954986572,9.0,8.306623458862305,16.0,0.04329096898436546,0.1301881194114685,55,0.9953981434434374,0.9988730848802919,0.00033690567947343707,490
3dfront_0024_01,raw_thr001,0.01,0.0,0,0,0,160x149x102,1.0,0.07028146088123322,0.07028146088123322,0.44386672973632746,662038,0.2722553954467693,1.0,1.0,1.0,479004,0.19698480063166207,0.7235294650760228,0.2764705349239772,1.4142135381698608,3.0,6.0,16.0,0.15759284794330597,0.4633720383048055,534,0.9927798706418665,0.9967192215552582,0.0,0
3dfront_0024_01,smooth075_thr001,0.01,0.75,0,0,0,160x149x102,1.0,0.07028146088123322,0.07028147578239441,0.4049476623535154,878492,0.3612695749440716,0.9976300454052487,0.7518213028690074,0.7504809325717194,322076,0.13244999342018687,0.3666237142740059,0.6333762857259941,3.0,6.7082037925720215,7.280109882354736,16.0,0.0637100338935852,0.19158446043729782,160,0.9934398947286942,0.9980944618733011,0.0,0
3dfront_0024_01,smooth100_thr001,0.01,1.0,0,0,0,160x149x102,1.0,0.07028146088123322,0.07028146088123322,0.3909804627299308,932270,0.3833851493617581,0.996229823665711,0.7074581398092827,0.7055690942973963,292488,0.12028227398341887,0.3137374365795317,0.6862625634204683,3.464101552963257,7.874007701873779,7.8102498054504395,16.0,0.04559585079550743,0.12992440760135643,68,0.9936263099745781,0.9983974599633153,0.0,0
3dfront_0024_01,smooth100_thr002,0.02,1.0,0,0,0,160x149x102,1.0,0.07028146088123322,0.07028146088123322,0.3909804627299308,845578,0.3477340768522174,0.9836761636039019,0.7701607657720517,0.7604418573422,295293,0.12143579747335176,0.34922029664915594,0.650779703350844,3.0,7.0,7.874007701873779,16.0,0.05560791864991188,0.14885273277759536,54,0.9916908907279991,0.9984353897570656,0.0,0
3dfront_0024_01,smooth100_thr001_min64,0.01,1.0,0,0,64,160x149x102,1.0,0.07028146088123322,0.07028146088123322,0.3909804627299308,931610,0.3831137320700092,0.9956633909231797,0.7075568102532176,0.705382987990125,291828,0.12001085669166996,0.313251253206814,0.686748746793186,3.464101552963257,7.874007701873779,8.0,16.0,0.04567638784646988,0.13001419231295586,68,0.9936263099745781,0.9983974599633153,0.0007079494137964324,660
3dfront_0024_01,smooth100_thr001_min256,0.01,1.0,0,0,256,160x149x102,1.0,0.07028146088123322,0.07028146088123322,0.3909804627299308,931360,0.3830109224898013,0.9955365099888526,0.7076565452671363,0.7054184081385828,291591,0.11991339320963285,0.31308087098436693,0.6869191290156331,3.464101552963257,7.874007701873779,8.062257766723633,16.0,0.045693036168813705,0.13004188984632492,68,0.9936263099745781,0.9983974599633153,0.0009761120705375052,910
3dfront_0024_01,smooth100_thr001_close1_min64,0.01,1.0,1,0,64,160x149x102,1.0,0.07028146088123322,0.07028146088123322,0.3909804627299308,872281,0.35871537373338597,0.8921074016899332,0.6770857097655457,0.625837386485255,244569,0.10057614488748519,0.28037868530897725,0.7196213146910228,2.8284270763397217,6.0,7.348469257354736,16.0,0.044722460210323334,0.1311546593904495,32,0.9957422179434282,0.9996206390684454,0.00027391922248200614,239
3dfront_0008_00,raw_thr001,0.01,0.0,0,0,0,160x155x118,1.0,0.049551550298929214,0.049551550298929214,0.34660841226577754,557104,0.19037178786221978,1.0,1.0,1.0,406446,0.1388894204483324,0.7295693443235015,0.2704306556764985,1.4142135381698608,3.1622776985168457,6.4031243324279785,16.0,0.16044378280639648,0.4717472717165947,790,0.980249648180591,0.9898385220712829,0.0,0
3dfront_0008_00,smooth075_thr001,0.01,0.75,0,0,0,160x155x118,1.0,0.049551550298929214,0.04955155402421951,0.33205225467681865,763761,0.2609899535265172,0.9972141646802033,0.7273898510136024,0.7259147564460554,322916,0.11034581738655003,0.4227971839358124,0.5772028160641876,2.8284270763397217,7.348469257354736,7.280109882354736,16.0,0.06305576860904694,0.18598416075110435,323,0.9785443352043375,0.9915182890982912,0.0,0
3dfront_0008_00,smooth100_thr001,0.01,1.0,0,0,0,160x155x118,1.0,0.049551550298929214,0.04955155402421951,0.3254524886608122,814465,0.278316361399672,0.9946185990407536,0.6803312603979299,0.6778361834113593,301167,0.1029138190267906,0.36977279563885496,0.630227204361145,3.1622776985168457,8.124038696289062,7.874007701873779,16.0,0.04526188597083092,0.12956241518259048,154,0.978439834738141,0.9922574941832982,0.0,0
3dfront_0008_00,smooth100_thr002,0.02,1.0,0,0,0,160x155x118,1.0,0.049551550298929214,0.04955155402421951,0.3254524886608122,723684,0.24729496992892291,0.9773184181050576,0.752356000685382,0.7394448066058236,290166,0.09915459267359213,0.40095677118742434,0.5990432288125757,3.0,7.6157732009887695,8.306623458862305,16.0,0.054977379739284515,0.14197614043951035,135,0.9787614483669668,0.9920338158643828,0.0,0
3dfront_0008_00,smooth100_thr001_min64,0.01,1.0,0,0,64,160x155x118,1.0,0.049551550298929214,0.04955155402421951,0.3254524886608122,813135,0.27786187807545104,0.9932185013929177,0.6804847903484661,0.6773377336387106,299840,0.10246036085292509,0.36874565724018765,0.6312543427598123,3.1622776985168457,8.124038696289062,8.185352325439453,16.0,0.04541957378387451,0.12971512749791145,154,0.978439834738141,0.9922574941832982,0.0016329737926123284,1330
3dfront_0008_00,smooth100_thr001_min256,0.01,1.0,0,0,256,160x155x118,1.0,0.049551550298929214,0.04955155402421951,0.3254524886608122,811005,0.27713402132312737,0.9915222292426549,0.6811067749274049,0.6771632210736912,297832,0.1017741935483871,0.3672381797892738,0.6327618202107261,3.1622776985168457,8.124038696289062,8.602325439453125,16.0,0.04561593756079674,0.12994602099061012,154,0.978439834738141,0.9922574941832982,0.004248187460480193,3460
3dfront_0008_00,smooth100_thr001_close1_min64,0.01,1.0,1,0,64,160x155x118,1.0,0.049551550298929214,0.04955155402421951,0.3254524886608122,746997,0.2552614133406233,0.8582742180993136,0.6400936014468599,0.5789046107950453,262272,0.08962274466921816,0.35110181165386206,0.648898188346138,2.0,5.0,8.0,16.0,0.04390912130475044,0.12762693390250202,84,0.9865200159972821,0.9957144404897095,0.0008426661958436493,630
3dfront_0123_00,raw_thr001,0.01,0.0,0,0,0,146x160x102,1.0,0.05543568730354309,0.05543568730354309,0.3511212617158889,542007,0.22747406325543917,1.0,1.0,1.0,287074,0.12048163443459575,0.5296499860702906,0.47035001392970943,2.0,5.099019527435303,8.062257766723633,16.0,0.141872838139534,0.4490943491458891,564,0.9858618062128349,0.9952085489670798,0.0,0
3dfront_0123_00,smooth075_thr001,0.01,0.75,0,0,0,146x160x102,1.0,0.05543568730354309,0.055435679852962494,0.33752104192972177,670506,0.2814036059629331,0.9968450591966524,0.8058048697550805,0.8037550430218858,235212,0.09871575342465753,0.350797755724781,0.649202244275219,3.1622776985168457,7.8102498054504395,9.05538558959961,16.0,0.059713903814554214,0.1705001205205915,169,0.9840344456276304,0.9959687161636137,0.0,0
3dfront_0123_00,smooth100_thr001,0.01,1.0,0,0,0,146x160x102,1.0,0.05543568730354309,0.0554356724023819,0.3317112550139426,704803,0.2957976598173516,0.995239913875651,0.7653585469982392,0.7625670959013717,220473,0.09252996575342466,0.31281507031042716,0.6871849296895729,3.7416574954986572,8.5440034866333,9.643651008605957,16.0,0.04402751848101616,0.12103105038404464,60,0.9847290661362111,0.9970786162941985,0.0,0
3dfront_0123_00,smooth100_thr002,0.02,1.0,0,0,0,146x160x102,1.0,0.05543568730354309,0.0554356724023819,0.3317112550139426,647238,0.2716382957292506,0.9831404391456199,0.8232968398023602,0.8118349848257705,217536,0.09129734085414988,0.3360989311505196,0.6639010688494804,3.316624879837036,8.0,10.099504470825195,16.0,0.052850935608148575,0.1347067505121231,48,0.9868471875878734,0.997334828919192,0.0,0
3dfront_0123_00,smooth100_thr001_min64,0.01,1.0,0,0,64,146x160x102,1.0,0.05543568730354309,0.0554356724023819,0.3317112550139426,704154,0.29552528203062045,0.9944797760914527,0.7654788583179247,0.7622400466098939,219826,0.09225842734354016,0.31218455053866057,0.6878154494613394,3.7416574954986572,8.5440034866333,10.198039054870605,16.0,0.04412909224629402,0.12114286795258522,60,0.9847290661362111,0.9970786162941985,0.0009208246843444197,649
3dfront_0123_00,smooth100_thr001_min256,0.01,1.0,0,0,256,146x160x102,1.0,0.05543568730354309,0.0554356724023819,0.3317112550139426,703453,0.295231080445877,0.9938801528393545,0.7657796611856087,0.762185718126123,219175,0.09198521017996239,0.3115702115137756,0.6884297884862244,3.7416574954986572,8.5440034866333,10.344079971313477,16.0,0.04420969635248184,0.12124740183353418,60,0.9847290661362111,0.9970786162941985,0.0019154288503312274,1350
3dfront_0123_00,smooth100_thr001_close1_min64,0.01,1.0,1,0,64,146x160x102,1.0,0.05543568730354309,0.0554356724023819,0.3317112550139426,641482,0.26922256916465215,0.8700182838967024,0.7351040247427052,0.6623600816368956,194447,0.08160715484824066,0.3031215217262526,0.6968784782737474,2.2360680103302,5.196152210235596,9.848857879638672,16.0,0.04303348809480667,0.1220552831888198,34,0.9855707500716788,0.9989388424188783,0.00042072327004824295,270
3dfront_1004_00,raw_thr001,0.01,0.0,0,0,0,137x160x104,1.0,0.047891728579998016,0.047891728579998016,0.28660000860691043,555570,0.24370525687815833,1.0,1.0,1.0,401924,0.17630720101066816,0.7234443904458484,0.2765556095541516,1.4142135381698608,3.0,5.385164737701416,15.81138801574707,0.13192790746688843,0.3848455116152763,698,0.9932861745594614,0.9958511078711954,0.0,0
3dfront_1004_00,smooth075_thr001,0.01,0.75,0,0,0,137x160x104,1.0,0.047891728579998016,0.04789173975586891,0.26813630908727637,762046,0.3342776179112858,0.9977068596216498,0.7273786621804983,0.7261646491641776,333294,0.14620209854014599,0.4373672980371264,0.5626327019628736,2.2360680103302,5.196152210235596,6.480740547180176,16.0,0.05707947909832001,0.15849393382668492,179,0.9957023591751679,0.9980617967944192,0.0,0
3dfront_1004_00,smooth100_thr001,0.01,1.0,0,0,0,137x160x104,1.0,0.047891728579998016,0.047891728579998016,0.25796716511249523,814698,0.3573738419427288,0.9958745072628111,0.6791203611645051,0.677215143392208,300734,0.13191939219539583,0.36913555697939604,0.630864443020604,3.0,6.082762718200684,7.071067810058594,16.0,0.04167960584163666,0.11195270270109171,64,0.9964661751962077,0.9988744295432173,0.0,0
3dfront_1004_00,smooth100_thr002,0.02,1.0,0,0,0,137x160x104,1.0,0.047891728579998016,0.047891728579998016,0.25796716511249523,721431,0.3164615209152162,0.9819122702809727,0.75616517726574,0.7457770547383387,304459,0.13355339345873105,0.42202095557302083,0.5779790444269792,2.4494898319244385,5.385164737701416,7.071067810058594,16.0,0.05013911798596382,0.12107872068881981,69,0.9955394209564047,0.9982701048333105,0.0,0
3dfront_1004_00,smooth100_thr001_min64,0.01,1.0,0,0,64,137x160x104,1.0,0.047891728579998016,0.047891728579998016,0.25796716511249523,814133,0.3571260001403706,0.9952697229872023,0.6791789547899422,0.6769936370615149,300169,0.13167155039303763,0.36869774348908596,0.6313022565109141,3.0,6.082762718200684,7.211102485656738,16.0,0.04174133762717247,0.11201056838035577,64,0.9964661751962077,0.9988744295432173,0.0006935085148116235,565
3dfront_1004_00,smooth100_thr001_min256,0.01,1.0,0,0,256,137x160x104,1.0,0.047891728579998016,0.047891728579998016,0.25796716511249523,813364,0.356788672094329,0.9947387367928434,0.6794583974702593,0.6770253599530557,299440,0.1313517686692869,0.36815005335864387,0.6318499466413561,3.0,6.082762718200684,7.4833149909973145,16.0,0.04180998355150223,0.11211063042283057,64,0.9964661751962077,0.9988744295432173,0.0016374165641747003,1334
3dfront_1004_00,smooth100_thr001_close1_min64,0.01,1.0,1,0,64,137x160x104,1.0,0.047891728579998016,0.047891728579998016,0.25796716511249523,765388,0.3357436131386861,0.8778281764674118,0.6371866295264624,0.5852833979187844,252219,0.11063789654688377,0.3295309045869546,0.6704690954130454,2.2360680103302,5.385164737701416,7.0,16.0,0.040339577943086624,0.11038732826709746,34,0.9974061017994026,0.9996669466056635,0.000333053394336525,255
3dfront_0022_00,raw_thr001,0.01,0.0,0,0,0,129x160x101,1.0,0.09036186337471008,0.09036186337471008,0.5105903238058036,799983,0.3837511512779185,1.0,1.0,1.0,415647,0.19938550541100622,0.5195697908580558,0.48043020914194423,2.0,4.242640495300293,5.099019527435303,16.0,0.13883930444717407,0.48431293666362724,561,0.9929598503968209,0.9985424690274668,0.0,0
3dfront_0022_00,smooth075_thr001,0.01,0.75,0,0,0,129x160x101,1.0,0.09036186337471008,0.0903618186712265,0.4660297676920888,963866,0.4623656842428429,0.9981424605272862,0.8284315454637885,0.8271563118945213,275188,0.13200744493053956,0.2855044165890279,0.7144955834109721,4.0,8.602325439453125,6.164413928985596,16.0,0.05917692556977272,0.18725888058543202,122,0.9921047116507896,0.9994895556021273,0.0,0
3dfront_0022_00,smooth100_thr001,0.01,1.0,0,0,0,129x160x101,1.0,0.09036186337471008,0.0903618112206459,0.44849580079317075,1003896,0.48156804052498275,0.9972424414018798,0.7946809231235108,0.7929384893380592,252844,0.1212890475094021,0.25186274275422954,0.7481372572457705,4.358899116516113,9.433980941772461,6.633249759674072,16.0,0.04305656999349594,0.12798658162355422,39,0.9921256783571206,0.9997230788846654,0.0,0
3dfront_0022_00,smooth100_thr002,0.02,1.0,0,0,0,129x160x101,1.0,0.09036186337471008,0.0903618112206459,0.44849580079317075,935147,0.4485892048507176,0.9885422565229511,0.8456606287567623,0.8374522007004034,257321,0.12343666052651776,0.27516636421867363,0.7248336357813263,4.123105525970459,8.66025447845459,6.7082037925720215,16.0,0.05183206498622894,0.14761672914028168,32,0.9939998738166299,0.9997465639092036,0.0,0
3dfront_0022_00,smooth100_thr001_min64,0.01,1.0,0,0,64,129x160x101,1.0,0.09036186337471008,0.0903618112206459,0.44849580079317075,1003618,0.48143468416609103,0.9970674376830507,0.794761552702323,0.7929080961147715,252567,0.1211561708496431,0.25165650675854756,0.7483434932414524,4.358899116516113,9.433980941772461,6.78233003616333,16.0,0.04309206083416939,0.12805578857660282,39,0.9921256783571206,0.9997230788846654,0.0002769211153346562,278
3dfront_0022_00,smooth100_thr001_min256,0.01,1.0,0,0,256,129x160x101,1.0,0.09036186337471008,0.0903618112206459,0.44849580079317075,1003320,0.48129173382454526,0.996876183618902,0.794845114220787,0.792870287795319,252278,0.12101753780029166,0.2514432085476219,0.7485567914523781,4.358899116516113,9.433980941772461,7.0,16.0,0.0431295707821846,0.12809300646185873,39,0.9921256783571206,0.9997230788846654,0.0005737646130674891,576
3dfront_0022_00,smooth100_thr001_close1_min64,0.01,1.0,1,0,64,129x160x101,1.0,0.09036186337471008,0.0903618112206459,0.44849580079317075,934172,0.44812149819633124,0.8998578719797796,0.7705979198691462,0.709733171380008,221717,0.10635745260572568,0.23734066103458465,0.7626593389654154,3.0,6.0,6.082762718200684,16.0,0.042131274938583374,0.12820645272731776,19,0.9994926932849287,0.9998576544449272,0.00018622651565908133,174
3dfront_0003_00,raw_thr001,0.01,0.0,0,0,0,112x160x93,1.0,0.06531714648008347,0.06531714648008347,0.40118994116783135,503373,0.30204313076036865,1.0,1.0,1.0,326853,0.19612435195852534,0.6493256491706945,0.35067435082930554,1.4142135381698608,3.1622776985168457,5.0,16.0,0.14207889139652252,0.48401889204978915,260,0.9974035158818609,0.9977849427760329,0.0,0
3dfront_0003_00,smooth075_thr001,0.01,0.75,0,0,0,112x160x93,1.0,0.06531714648008347,0.06531716883182526,0.3786031350493426,643791,0.38629932315668203,0.9974273550627467,0.7798773204347373,0.7783117289787719,244852,0.1469206029185868,0.38032839850199834,0.6196716014980017,2.8284270763397217,6.0,5.916079998016357,16.0,0.05903147906064987,0.19536609947681416,112,0.9982338988895465,0.9986874622354149,0.0,0
3dfront_0003_00,smooth100_thr001,0.01,1.0,0,0,0,112x160x93,1.0,0.06531714648008347,0.06531714648008347,0.3658049568533892,682356,0.40943980414746545,0.9955301535839228,0.7344011044088423,0.7319874497156028,228269,0.1369701660906298,0.3345306555522337,0.6654693444477663,3.0,7.0,6.082762718200684,16.0,0.043403010815382004,0.1353166490793226,67,0.998972677019034,0.9993317271336369,0.0,0
3dfront_0003_00,smooth100_thr002,0.02,1.0,0,0,0,112x160x93,1.0,0.06531714648008347,0.06531714648008347,0.3658049568533892,608677,0.36522957469278033,0.9753622065545828,0.8066199314250415,0.7905129621191507,224664,0.1348070276497696,0.3691021674878466,0.6308978325121535,3.0,6.164413928985596,6.082762718200684,16.0,0.05212916433811188,0.1502082817256448,54,0.9992508341862761,0.9995367000888813,0.0,0
3dfront_0003_00,smooth100_thr001_min64,0.01,1.0,0,0,64,112x160x93,1.0,0.06531714648008347,0.06531714648008347,0.3658049568533892,681837,0.40912838421658987,0.9947077018433647,0.7343529318590807,0.7314949138131281,227750,0.13665874615975424,0.33402411426777956,0.6659758857322204,3.0,7.0,6.164413928985596,16.0,0.04348306357860565,0.13540066033601753,67,0.998972677019034,0.9993317271336369,0.0007606000386894817,519
3dfront_0003_00,smooth100_thr001_min256,0.01,1.0,0,0,256,112x160x93,1.0,0.06531714648008347,0.06531714648008347,0.3658049568533892,681655,0.40901917722734255,0.9945428141755716,0.7344272395860075,0.7314794521348564,227576,0.13655433947772658,0.3338580366901145,0.6661419633098855,3.0,7.0,6.324555397033691,16.0,0.04349982738494873,0.13543657213449478,67,0.998972677019034,0.9993317271336369,0.0010273229809659474,701
3dfront_0003_00,smooth100_thr001_close1_min64,0.01,1.0,1,0,64,112x160x93,1.0,0.06531714648008347,0.06531714648008347,0.3658049568533892,634071,0.3804669498847926,0.8870916795298913,0.7042397460221331,0.6463078913774087,198697,0.119225830453149,0.31336711503916753,0.6866328849608325,2.2360680103302,5.385164737701416,5.916079998016357,16.0,0.04331575334072113,0.13909490704536434,27,0.9993851266875513,0.9997635102644428,0.0003247792368318574,206
3dfront_1007_00,raw_thr001,0.01,0.0,0,0,0,160x120x73,1.0,0.09357252717018127,0.09357252717018127,0.6086164116859439,404217,0.2883968321917808,1.0,1.0,1.0,302452,0.21579052511415525,0.748241662275461,0.25175833772453904,1.4142135381698608,2.4494898319244385,5.099019527435303,16.0,0.21279677748680115,0.50959332883358,206,0.9929988100450995,0.9990277499461923,0.0,0
3dfront_1007_00,smooth075_thr001,0.01,0.75,0,0,0,160x120x73,1.0,0.09357252717018127,0.0935724675655365,0.5118205666542054,570885,0.40730950342465755,0.9993369897851896,0.7075838391269695,0.7072518221912517,217298,0.15503567351598174,0.3806335776907784,0.6193664223092217,2.8284270763397217,5.830951690673828,6.164413928985596,16.0,0.08622629195451736,0.22517071813344955,31,0.9917111151983324,0.9998020617112028,0.0,0
3dfront_1007_00,smooth100_thr001,0.01,1.0,0,0,0,160x120x73,1.0,0.09357252717018127,0.09357251226902008,0.4810086235404016,612167,0.4367629851598174,0.9991143371011115,0.6597203050801497,0.6593347210317946,196842,0.14044092465753424,0.3215495118162201,0.6784504881837798,3.1622776985168457,7.0,6.4031243324279785,16.0,0.06166616454720497,0.16000097170472127,7,0.9920348532344933,0.999985298129432,0.0,0
3dfront_1007_00,smooth100_thr002,0.02,1.0,0,0,0,160x120x73,1.0,0.09357252717018127,0.09357251226902008,0.4810086235404016,566353,0.40407605593607304,0.995643429148205,0.7106098140205843,0.7084071154733029,204150,0.14565496575342465,0.36046423343744977,0.6395357665625503,3.0,6.082762718200684,6.4031243324279785,16.0,0.07295335829257965,0.17072477787733073,17,0.9924128591179,0.9998993560553224,0.0,0
3dfront_1007_00,smooth100_thr001_min64,0.01,1.0,0,0,64,160x120x73,1.0,0.09357252717018127,0.09357251226902008,0.4810086235404016,612092,0.4367094748858448,0.999059910889448,0.6597651986956209,0.6593558562677151,196767,0.14038741438356164,0.3214663808708495,0.6785336191291504,3.1622776985168457,7.0,6.4031243324279785,16.0,0.06168483570218086,0.16001583784818646,7,0.9920348532344933,0.999985298129432,0.000122515588066655,75
3dfront_1007_00,smooth100_thr001_min256,0.01,1.0,0,0,256,160x120x73,1.0,0.09357252717018127,0.09357251226902008,0.4810086235404016,611852,0.43653824200913244,0.9988422060427938,0.6598801670992331,0.6593758165665011,196562,0.14024115296803652,0.3212574282669665,0.6787425717330335,3.1622776985168457,7.0,6.4031243324279785,16.0,0.06172652915120125,0.16005663797259326,7,0.9920348532344933,0.999985298129432,0.0005145654698799511,315
3dfront_1007_00,smooth100_thr001_close1_min64,0.01,1.0,1,0,64,160x120x73,1.0,0.09357252717018127,0.09357251226902008,0.4810086235404016,561142,0.4003581621004566,0.8779665377755018,0.6324406300009623,0.5813373302537389,163714,0.1168050799086758,0.29175146397881463,0.7082485360211854,2.8284270763397217,5.385164737701416,6.0,16.0,0.06025191396474838,0.16164321601390844,4,0.9923858094153662,1.0,8.375075063837674e-05,47
3dfront_0005_02,raw_thr001,0.01,0.0,0,0,0,160x113x100,1.0,0.0971728190779686,0.0971728190779686,0.6237683027982706,678533,0.37529480088495576,1.0,1.0,1.0,431069,0.23842311946902656,0.6352955567378448,0.36470444326215523,1.4142135381698608,3.7416574954986572,3.7416574954986572,15.264337539672852,0.17994628846645355,0.5004661679267883,226,0.9755575631546292,0.9992100605276383,0.0,0
3dfront_0005_02,smooth075_thr001,0.01,0.75,0,0,0,160x113x100,1.0,0.0971728190779686,0.09717275947332382,0.5036836057901377,872888,0.48279203539823007,0.9961903105670615,0.7743811348076729,0.7720946277041096,316407,0.17500387168141593,0.3624829302270165,0.6375170697729835,3.0,7.8102498054504395,5.0,16.0,0.06697762757539749,0.18833673745393753,48,0.9995440423055421,0.9997571280622486,0.0,0
3dfront_0005_02,smooth100_thr001,0.01,1.0,0,0,0,160x113x100,1.0,0.0971728190779686,0.097172811627388,0.47716819792985743,928060,0.5133075221238939,0.9959839830929372,0.7281942977824709,0.7260624096864474,279304,0.15448230088495576,0.3009546796543327,0.6990453203456672,3.464101552963257,8.602325439453125,5.385164737701416,16.0,0.04746249318122864,0.1308552362024784,19,0.9997079930176929,0.9998900933129323,0.0,0
3dfront_0005_02,smooth100_thr002,0.02,1.0,0,0,0,160x113x100,1.0,0.0971728190779686,0.097172811627388,0.47716819792985743,845572,0.46768362831858407,0.9806376403211045,0.7869170218502978,0.7748774324277113,292587,0.161829092920354,0.3460225740682047,0.6539774259317953,3.0,8.0,5.196152210235596,16.0,0.05705075338482857,0.14075190871953966,26,0.999412232193119,0.9998297010780868,0.0,0
3dfront_0005_02,smooth100_thr001_min64,0.01,1.0,0,0,64,160x113x100,1.0,0.0971728190779686,0.097172811627388,0.47716819792985743,927871,0.5132029867256637,0.9957776556188129,0.7281917421710561,0.7259502157432398,279115,0.15437776548672566,0.3008122896394003,0.6991877103605997,3.464101552963257,8.602325439453125,5.385164737701416,16.0,0.0474899560213089,0.13088259100914,19,0.9997079930176929,0.9998900933129323,0.00020365062603710967,189
3dfront_0005_02,smooth100_thr001_min256,0.01,1.0,0,0,256,160x113x100,1.0,0.0971728190779686,0.097172811627388,0.47716819792985743,927789,0.5131576327433628,0.9956907033261463,0.728192509288211,0.7259047633373553,279036,0.15433407079646017,0.3007537274100038,0.6992462725899962,3.464101552963257,8.602325439453125,5.385164737701416,16.0,0.04750138148665428,0.13089494407176971,19,0.9997079930176929,0.9998900933129323,0.0002920069823071784,271
3dfront_0005_02,smooth100_thr001_close1_min64,0.01,1.0,1,0,64,160x113x100,1.0,0.0971728190779686,0.097172811627388,0.47716819792985743,880980,0.48726769911504425,0.9026208010516806,0.6952007991100819,0.6466973934987936,225077,0.12448949115044247,0.2554848010170492,0.7445151989829508,3.0,6.082762718200684,5.0,16.0,0.0471225380897522,0.13674131333827969,11,0.9998978514760462,0.9999818402624082,0.00010214852395382886,90
3dfront_0131_00,raw_thr001,0.01,0.0,0,0,0,151x160x121,1.0,0.08379179239273071,0.08379179239273071,0.5519749164581293,851513,0.2912788708882929,1.0,1.0,1.0,489437,0.16742276011165236,0.5747851177844613,0.4252148822155387,1.7320507764816284,3.7416574954986572,7.211102485656738,16.0,0.152995765209198,0.48102952837944,982,0.9938274577135052,0.996843266045263,0.0,0
3dfront_0131_00,smooth075_thr001,0.01,0.75,0,0,0,151x160x121,1.0,0.08379179239273071,0.08379178494215012,0.5020987361669538,1030793,0.3526055634612227,0.9967434437289859,0.823385490588314,0.8211763931863084,294400,0.10070603688905916,0.28560535432429207,0.714394645675708,4.0,8.602325439453125,8.9442720413208,16.0,0.0666705071926117,0.20227573141455646,235,0.9925009191952215,0.9981228044815982,0.0,0
3dfront_0131_00,smooth100_thr001,0.01,1.0,0,0,0,151x160x121,1.0,0.08379179239273071,0.08379174768924713,0.48645529299974444,1076544,0.36825570576323136,0.995786323872918,0.7876361765055585,0.7850197938770447,269426,0.09216312736029773,0.2502693805362345,0.7497306194637655,4.4721360206604,10.24695110321045,9.433980941772461,16.0,0.04948311299085617,0.1394597440958023,75,0.9922641341180667,0.9987450582605077,0.0,0
3dfront_0131_00,smooth100_thr002,0.02,1.0,0,0,0,151x160x121,1.0,0.08379179239273071,0.08379174768924713,0.48645529299974444,1007017,0.3444724563515954,0.9869502873121139,0.8345449977507827,0.8254366588123901,275859,0.0943636774122927,0.2739367855756159,0.7260632144243842,4.0,9.0,10.0,16.0,0.058910172432661057,0.1570826172828674,48,0.9949544049405323,0.999419076341313,0.0,0
3dfront_0131_00,smooth100_thr001_min64,0.01,1.0,0,0,64,151x160x121,1.0,0.08379179239273071,0.08379174768924713,0.48645529299974444,1075933,0.3680466996880302,0.9953694189049375,0.7877535125328435,0.7848771525619608,268817,0.09195480542936894,0.24984548294364053,0.7501545170563595,4.4721360206604,10.24695110321045,10.049875259399414,16.0,0.049574244767427444,0.1395549088716505,75,0.9922641341180667,0.9987450582605077,0.0005675569228940015,611
3dfront_0131_00,smooth100_thr001_min256,0.01,1.0,0,0,256,151x160x121,1.0,0.08379179239273071,0.08379174768924713,0.48645529299974444,1075193,0.3677935663072629,0.9950100585663402,0.7880110826614385,0.784909240144445,268100,0.09170953970773357,0.24935058170951635,0.7506494182904837,4.4721360206604,10.24695110321045,10.72380542755127,16.0,0.04967060312628746,0.13968387395143508,75,0.9922641341180667,0.9987450582605077,0.0012549417394923012,1351
3dfront_0131_00,smooth100_thr001_close1_min64,0.01,1.0,1,0,64,151x160x121,1.0,0.08379179239273071,0.08379174768924713,0.48645529299974444,995630,0.340577280937004,0.8958911960240185,0.7662113435714071,0.703566421957428,237854,0.08136322587707295,0.2388979841909143,0.7611020158090858,3.0,7.0,9.433980941772461,16.0,0.049443405121564865,0.14278212189674375,48,0.9914005419716805,0.9989628441163743,0.00036446039279392525,363
3dfront_1003_01,raw_thr001,0.01,0.0,0,0,0,160x158x97,1.0,0.0683455541729927,0.0683455541729927,0.46985361576080176,588833,0.24012829505415634,1.0,1.0,1.0,364735,0.14874029427117316,0.6194201072290446,0.3805798927709554,1.7320507764816284,3.7416574954986572,6.557438373565674,16.0,0.16162386536598206,0.4788028478622436,480,0.9929572561320442,0.9969023475246802,0.0,0
3dfront_1003_01,smooth075_thr001,0.01,0.75,0,0,0,160x158x97,1.0,0.0683455541729927,0.0683455690741539,0.43789838105440126,767056,0.31280829962155815,0.9983238031835852,0.7663664712876244,0.7653816257683489,287100,0.11708045152029231,0.3742881875638806,0.6257118124361194,3.0,7.0,7.681145668029785,16.0,0.06637931615114212,0.1888238444924354,142,0.9930344068751173,0.9978371852902526,0.0,0
3dfront_1003_01,smooth100_thr001,0.01,1.0,0,0,0,160x158x97,1.0,0.0683455541729927,0.06834549456834793,0.42478145211935014,814572,0.33218550176171213,0.9972538903220438,0.720889006742191,0.7194608111601603,268254,0.10939498238287877,0.3293189552304769,0.6706810447695231,3.316624879837036,7.8102498054504395,8.062257766723633,16.0,0.04845334216952324,0.13294704034924504,51,0.9933400607926617,0.9983770618189675,0.0,0
3dfront_1003_01,smooth100_thr002,0.02,1.0,0,0,0,160x158x97,1.0,0.0683455541729927,0.06834549456834793,0.42478145211935014,741812,0.3025137022054026,0.9879915018349855,0.7842445255671249,0.7768396398369305,265790,0.10839015398668929,0.35829832895666286,0.6417016710433372,3.0,7.071067810058594,8.306623458862305,16.0,0.05878268554806709,0.14821329489350313,46,0.995346529848533,0.9990981542493246,0.0,0
3dfront_1003_01,smooth100_thr001_min64,0.01,1.0,0,0,64,160x158x97,1.0,0.0683455541729927,0.06834549456834793,0.42478145211935014,813971,0.3319404117186481,0.9967138390681228,0.7210306018273378,0.719320608011217,267653,0.10914989233981469,0.32882375416323184,0.6711762458367682,3.316624879837036,7.8102498054504395,8.306623458862305,16.0,0.048539552837610245,0.1330076575279236,51,0.9933400607926617,0.9983770618189675,0.0007378107767023664,601
3dfront_1003_01,smooth100_thr001_min256,0.01,1.0,0,0,256,160x158x97,1.0,0.0683455541729927,0.06834549456834793,0.42478145211935014,812925,0.3315138490147462,0.9958799863458739,0.7213543684841776,0.7192080465958832,266647,0.10873964178520162,0.32800934895593076,0.6719906510440692,3.316624879837036,7.8102498054504395,8.602325439453125,16.0,0.048665162175893784,0.13314805030822752,51,0.9933400607926617,0.9983770618189675,0.0020219207141910106,1647
3dfront_1003_01,smooth100_thr001_close1_min64,0.01,1.0,1,0,64,160x158x97,1.0,0.0683455541729927,0.06834549456834793,0.42478145211935014,751849,0.3066068282656923,0.880584138456914,0.6896557686450338,0.6306726751929357,232020,0.09461862194962808,0.3085992001053403,0.6914007998946596,2.2360680103302,5.385164737701416,8.0,16.0,0.047880738973617554,0.13478614017367363,33,0.9938696553924697,0.9987675494575622,0.00041347585620080834,311
3dfront_0155_00,raw_thr001,0.01,0.0,0,0,0,160x130x112,1.0,0.09338945895433426,0.09338945895433426,0.6050620764493939,816192,0.35035714285714287,1.0,1.0,1.0,484352,0.2079120879120879,0.5934289970987219,0.4065710029012781,1.7320507764816284,3.7416574954986572,5.099019527435303,16.0,0.1650698482990265,0.5067513853311536,743,0.9961602172037952,0.9973106818003608,0.0,0
3dfront_0155_00,smooth075_thr001,0.01,0.75,0,0,0,160x130x112,1.0,0.09338945895433426,0.09338948875665665,0.5172319591045379,1029904,0.4420947802197802,0.9966662255939779,0.789851287110255,0.7877700036315216,319129,0.13698875343406594,0.3098628610045208,0.6901371389954791,3.316624879837036,7.6157732009887695,6.633249759674072,16.0,0.06351380050182343,0.19864208400249478,212,0.9975949214684087,0.9987998881449145,0.0,0
3dfront_0155_00,smooth100_thr001,0.01,1.0,0,0,0,160x130x112,1.0,0.09338945895433426,0.09338952600955963,0.49381145238876323,1082207,0.46454627403846155,0.9946434172351604,0.7501522352008442,0.7471338945442532,283296,0.12160714285714286,0.2617761666668207,0.7382238333331793,4.123105525970459,8.602325439453125,7.071067810058594,16.0,0.045056022703647614,0.13233987614512444,80,0.9979338518416532,0.9992533775885759,0.0,0
3dfront_0155_00,smooth100_thr002,0.02,1.0,0,0,0,160x130x112,1.0,0.09338945895433426,0.09338952600955963,0.49381145238876323,992807,0.42617058722527473,0.979857680545754,0.805546294496312,0.7924244511006721,289827,0.12441062843406593,0.2919268296859309,0.708073170314069,3.605551242828369,7.8102498054504395,7.071067810058594,16.0,0.05506172403693199,0.15008027106523514,89,0.9976772927668721,0.9990884431717343,0.0,0
3dfront_0155_00,smooth100_thr001_min64,0.01,1.0,0,0,64,160x130x112,1.0,0.09338945895433426,0.09338952600955963,0.49381145238876323,1081549,0.46426382211538464,0.9941178056143652,0.7502119645064624,0.7468964882404382,282640,0.12132554945054945,0.2613288903230459,0.738671109676954,4.123105525970459,8.602325439453125,7.211102485656738,16.0,0.045140549540519714,0.13241668045520782,80,0.9979338518416532,0.9992533775885759,0.000608016765738902,658
3dfront_0155_00,smooth100_thr001_min256,0.01,1.0,0,0,256,160x130x112,1.0,0.09338945895433426,0.09338952600955963,0.49381145238876323,1081179,0.46410499656593407,0.9938935936642359,0.7502994416280745,0.7468565951887516,282275,0.1211688701923077,0.2610807276130964,0.7389192723869036,4.123105525970459,8.602325439453125,7.280109882354736,16.0,0.04518536105751991,0.13245766162872313,80,0.9979338518416532,0.9992533775885759,0.0009499106917622968,1028
3dfront_0155_00,smooth100_thr001_close1_min64,0.01,1.0,1,0,64,160x130x112,1.0,0.09338945895433426,0.09338952600955963,0.49381145238876323,1016378,0.43628863324175826,0.9040911942288089,0.7260212243869899,0.6741027791328433,238182,0.10224158653846153,0.23434391535432683,0.7656560846456731,3.0,7.071067810058594,6.7082037925720215,16.0,0.044738609343767166,0.1336069785058498,42,0.9990272966715646,0.9997836251443318,0.0003698042987782689,376
3dfront_0010_00,raw_thr001,0.01,0.0,0,0,0,160x156x111,1.0,0.06071534380316734,0.06071534380316734,0.3680751383304596,738325,0.2664894461769462,1.0,1.0,1.0,474600,0.1713011088011088,0.642806352216165,0.357193647783835,1.4142135381698608,3.7416574954986572,6.633249759674072,16.0,0.14060308039188385,0.45103893429040903,614,0.9732746419259811,0.9972735583923069,0.0,0
3dfront_0010_00,smooth075_thr001,0.01,0.75,0,0,0,160x156x111,1.0,0.06071534380316734,0.060715388506650925,0.3493773400783533,952409,0.3437604671979672,0.9979981715369248,0.7736665655196454,0.772467808031769,342006,0.12344291406791406,0.3590957246309096,0.6409042753690903,3.0,7.0,8.0,16.0,0.0578315295279026,0.17474942281842232,211,0.998084856400979,0.9988660333953165,0.0,0
3dfront_0010_00,smooth100_thr001,0.01,1.0,0,0,0,160x156x111,1.0,0.06071534380316734,0.06071539968252182,0.34091840684413904,1003512,0.3622054747054747,0.9958730911184099,0.7327047409497843,0.7304867374888109,310019,0.11189759471009471,0.3089340237087349,0.6910659762912651,3.7416574954986572,7.874007701873779,8.602325439453125,16.0,0.04140690341591835,0.12063886448740956,74,0.9991719082581972,0.9995157008585847,0.0,0
3dfront_0010_00,smooth100_thr002,0.02,1.0,0,0,0,160x156x111,1.0,0.06071534380316734,0.06071539968252182,0.34091840684413904,914124,0.3299419611919612,0.9828327633494734,0.7938200944292022,0.7829637278417435,311853,0.11255955474705474,0.3411495595783504,0.6588504404216495,3.1622776985168457,7.071067810058594,9.05538558959961,16.0,0.049953825771808624,0.13622269630432127,40,0.9733088727568688,0.9994213038931261,0.0,0
3dfront_0010_00,smooth100_thr001_min64,0.01,1.0,0,0,64,160x156x111,1.0,0.06071534380316734,0.06071539968252182,0.34091840684413904,1002973,0.3620109291984292,0.9953367419496834,0.732703671983194,0.7301970556906885,309481,0.11170341014091015,0.30856364029739586,0.6914363597026041,3.7416574954986572,7.874007701873779,9.0,16.0,0.041465867310762405,0.12071570008993149,74,0.9991719082581972,0.9995157008585847,0.0005371136568371878,539
3dfront_0010_00,smooth100_thr001_min256,0.01,1.0,0,0,256,160x156x111,1.0,0.06071534380316734,0.06071539968252182,0.34091840684413904,1002681,0.3619055353430353,0.9951620221447195,0.7327883943148419,0.7301871398147385,309203,0.11160306941556941,0.30837624329173485,0.6916237567082651,3.7416574954986572,7.874007701873779,9.0,16.0,0.04148956760764122,0.12074458301067348,74,0.9991719082581972,0.9995157008585847,0.0008280917418027886,831
3dfront_0010_00,smooth100_thr001_close1_min64,0.01,1.0,1,0,64,160x156x111,1.0,0.06071534380316734,0.06071539968252182,0.34091840684413904,926522,0.33441686879186877,0.8748667592185013,0.6971620749426349,0.6339474203340626,268005,0.09673315142065142,0.28925918650609483,0.7107408134939052,2.4494898319244385,5.74456262588501,8.306623458862305,16.0,0.04005284234881401,0.12148537933826445,38,0.9997647668170144,0.999847853766968,0.00023523318298551913,218
3dfront_1013_02,raw_thr001,0.01,0.0,0,0,0,117x160x115,1.0,0.08862129598855972,0.08862129598855972,0.5373452395200724,727535,0.3379482534373839,1.0,1.0,1.0,455945,0.21179162021553327,0.6266983718996337,0.37330162810036627,1.4142135381698608,3.605551242828369,5.830951690673828,16.0,0.1705072671175003,0.4851981997489929,403,0.9983437222951473,0.9985773880294418,0.0,0
3dfront_1013_02,smooth075_thr001,0.01,0.75,0,0,0,117x160x115,1.0,0.08862129598855972,0.08862131088972092,0.4631456539034834,928230,0.43117335562987735,0.9986296191935783,0.7827133361343632,0.7818735357453023,296078,0.1375315867707172,0.318970513773526,0.6810294862264741,3.1622776985168457,6.557438373565674,7.071067810058594,16.0,0.07122039049863815,0.19745959788560857,84,0.9993148249894961,0.9995960053004105,0.0,0
3dfront_1013_02,smooth100_thr001,0.01,1.0,0,0,0,117x160x115,1.0,0.08862129598855972,0.08862131088972092,0.4403370797634122,978844,0.45468413229282795,0.9981100565608527,0.741854677558426,0.7408140425761998,261438,0.12144091415830546,0.26708852483133166,0.7329114751686683,4.0,7.6157732009887695,7.348469257354736,16.0,0.05242162197828293,0.1385301500558853,21,0.9997895476705174,0.9999376815917552,0.0,0
3dfront_1013_02,smooth100_thr002,0.02,1.0,0,0,0,117x160x115,1.0,0.08862129598855972,0.08862131088972092,0.4403370797634122,910707,0.42303372352285395,0.9917983327262606,0.7923162993147083,0.7871587936387417,278157,0.12920707915273133,0.3054297375555475,0.6945702624444525,3.1622776985168457,6.78233003616333,7.348469257354736,16.0,0.061212971806526184,0.14868758320808412,28,0.9994421916159643,0.9998034494079874,0.0,0
3dfront_1013_02,smooth100_thr001_min64,0.01,1.0,0,0,64,117x160x115,1.0,0.08862129598855972,0.08862131088972092,0.4403370797634122,978732,0.4546321070234114,0.9980234627887318,0.741875201791706,0.7407868022893987,261326,0.1213888888888889,0.2670046550025952,0.7329953449974048,4.0,7.6157732009887695,7.6157732009887695,16.0,0.05244087055325508,0.13855097815394402,21,0.9997895476705174,0.9999376815917552,0.00011442068399050308,112
3dfront_1013_02,smooth100_thr001_min256,0.01,1.0,0,0,256,117x160x115,1.0,0.08862129598855972,0.08862131088972092,0.4403370797634122,978638,0.45458844295800815,0.9979574865814016,0.7418974125263887,0.7407725961204908,261235,0.12134661835748792,0.26693731492134987,0.7330626850786501,4.0,7.6157732009887695,7.6157732009887695,16.0,0.052455171942710876,0.13857607245445247,21,0.9997895476705174,0.9999376815917552,0.00021045232948253245,206
3dfront_1013_02,smooth100_thr001_close1_min64,0.01,1.0,1,0,64,117x160x115,1.0,0.08862129598855972,0.08862131088972092,0.4403370797634122,911512,0.4234076551467856,0.8968970564990001,0.7158698952948508,0.6614382026572112,218622,0.10155239687848383,0.2398454436145657,0.7601545563854343,3.0,7.0,7.0,16.0,0.05308057367801666,0.14046466797590237,9,0.9999396643362474,0.9999945149396589,6.0335663752636944e-05,55
3dfront_0038_01,raw_thr001,0.01,0.0,0,0,0,146x160x89,1.0,0.07750386744737625,0.07750386744737625,0.5608140379190445,522178,0.251163036786209,1.0,1.0,1.0,370936,0.17841696167461907,0.7103631328780607,0.28963686712193926,1.4142135381698608,3.1622776985168457,5.4772257804870605,16.0,0.20589472353458405,0.5551840215921402,735,0.9817610086981834,0.9961526529267798,0.0,0
3dfront_0038_01,smooth075_thr001,0.01,0.75,0,0,0,146x160x89,1.0,0.07750386744737625,0.07750388234853745,0.48251836001872955,702212,0.3377578112975219,0.9968765440137272,0.741296075828952,0.7395782866349456,271763,0.13071561874711404,0.38700990584040146,0.6129900941595985,3.0,7.071067810058594,7.0,16.0,0.08295299112796783,0.2345334604382515,159,0.9787229497644586,0.9980176926626148,0.0,0
3dfront_0038_01,smooth100_thr001,0.01,1.0,0,0,0,146x160x89,1.0,0.07750386744737625,0.07750391215085983,0.45966443568468096,747822,0.35969582114822224,0.9954977038481131,0.6951212989187266,0.6929428278543749,249697,0.12010206633830998,0.3338989759595198,0.6661010240404802,3.316624879837036,8.0,7.280109882354736,16.0,0.05910957232117653,0.15944878756999967,57,0.9784133122587996,0.9988526681483026,0.0,0
3dfront_0038_01,smooth100_thr002,0.02,1.0,0,0,0,146x160x89,1.0,0.07750386744737625,0.07750391215085983,0.45966443568468096,686586,0.33024184238879484,0.9855700546556921,0.7495681531519722,0.7414312490185428,251577,0.12100632984454364,0.36641731698578184,0.6335826830142182,3.0,7.211102485656738,7.6157732009887695,16.0,0.07038255780935287,0.17296942472457882,43,0.9828717742569758,0.9984124348588523,0.0,0
3dfront_0038_01,smooth100_thr001_min64,0.01,1.0,0,0,64,146x160x89,1.0,0.07750386744737625,0.07750391215085983,0.45966443568468096,747310,0.3594495536401416,0.9948887161083002,0.6951720169675235,0.6926980622124086,249186,0.11985627982145605,0.3334439523089481,0.6665560476910519,3.316624879837036,8.0,7.6157732009887695,16.0,0.059212252497673035,0.15956244617700577,57,0.9784133122587996,0.9988526681483026,0.0006846549045093619,512
3dfront_0038_01,smooth100_thr001_min256,0.01,1.0,0,0,256,146x160x89,1.0,0.07750386744737625,0.07750391215085983,0.45966443568468096,746964,0.35928313067569645,0.9945784770710371,0.695277148564054,0.6926519915443554,248843,0.11969129983069109,0.33313921420577164,0.6668607857942284,3.316624879837036,8.0,7.681145668029785,16.0,0.05927988886833191,0.15960966646671296,57,0.9784133122587996,0.9988526681483026,0.0011473318516973291,858
3dfront_0038_01,smooth100_thr001_close1_min64,0.01,1.0,1,0,64,146x160x89,1.0,0.07750386744737625,0.07750391215085983,0.45966443568468096,679844,0.3269989995382484,0.8563650709145157,0.6577611922735216,0.5924048184598998,214712,0.10327458827150993,0.315825395237731,0.684174604762269,2.2360680103302,5.099019527435303,7.071067810058594,16.0,0.05843169987201691,0.15962021872401233,28,0.9979177695429681,0.9997867772483972,0.0002882183400976413,196
3dfront_0112_00,raw_thr001,0.01,0.0,0,0,0,153x160x105,1.0,0.08706545829772949,0.08706545829772949,0.5599904745817184,784556,0.3052272019919079,1.0,1.0,1.0,600474,0.2336111111111111,0.7653679278470881,0.23463207215291193,1.4142135381698608,2.4494898319244385,4.123105525970459,16.0,0.18769440054893494,0.5022582590579986,1035,0.9918718357899244,0.9942196605468571,0.0,0
3dfront_0112_00,smooth075_thr001,0.01,0.75,0,0,0,153x160x105,1.0,0.08706545829772949,0.08706548064947128,0.46847473680973034,1124255,0.43738523187052597,0.998044753975497,0.6964807806058234,0.6955317559507155,406423,0.15811663554310612,0.3615042850598841,0.6384957149401159,2.8284270763397217,5.4772257804870605,5.830951690673828,16.0,0.06786307692527771,0.19563270658254614,239,0.9915873178238033,0.9970158015752654,0.0,0
3dfront_0112_00,smooth100_thr001,0.01,1.0,0,0,0,153x160x105,1.0,0.08706545829772949,0.08706545829772949,0.44315259009599683,1197608,0.4659228135698724,0.9964897343210682,0.6528029204881731,0.651305189601137,346201,0.13468759726112667,0.28907706027347846,0.7109229397265215,3.316624879837036,6.633249759674072,6.4031243324279785,16.0,0.04809236153960228,0.13486942648887634,84,0.9946651992972659,0.9976586662747744,0.0,0
3dfront_0112_00,smooth100_thr002,0.02,1.0,0,0,0,153x160x105,1.0,0.08706545829772949,0.08706545829772949,0.44315259009599683,1092412,0.42499688764394644,0.9866459500660246,0.7085962072917544,0.7018648295522033,367082,0.14281123560535325,0.3360288975221803,0.6639711024778197,3.0,5.916079998016357,6.4031243324279785,16.0,0.0590827539563179,0.15054316967725756,92,0.9919343617609473,0.9963841481052936,0.0,0
3dfront_0112_00,smooth100_thr001_min64,0.01,1.0,0,0,64,153x160x105,1.0,0.08706545829772949,0.08706545829772949,0.44315259009599683,1196797,0.46560729847494553,0.995954399685937,0.6528943505038867,0.6511674032122443,345392,0.1343728602552132,0.28859698010606644,0.7114030198939336,3.316624879837036,6.633249759674072,6.557438373565674,16.0,0.04818163439631462,0.1349617697298527,84,0.9946651992972659,0.9976586662747744,0.0006771831851490638,811
3dfront_0112_00,smooth100_thr001_min256,0.01,1.0,0,0,256,153x160x105,1.0,0.08706545829772949,0.08706545829772949,0.44315259009599683,1196125,0.4653458605664488,0.9956395719362289,0.6530546556588985,0.651192201049397,344785,0.13413671023965143,0.2882516459400146,0.7117483540599854,3.316624879837036,6.633249759674072,6.7082037925720215,16.0,0.048228636384010315,0.1350271016359329,84,0.9946651992972659,0.9976586662747744,0.001238301681351494,1483
3dfront_0112_00,smooth100_thr001_close1_min64,0.01,1.0,1,0,64,153x160x105,1.0,0.08706545829772949,0.08706545829772949,0.44315259009599683,1153138,0.4486220043572985,0.9192205527712489,0.6254064994822822,0.592825072296743,265649,0.1033492841581077,0.2303705194001065,0.7696294805998936,3.0,7.071067810058594,6.164413928985596,16.0,0.0483575239777565,0.14097684323787674,36,0.9971469663435656,0.999545733930121,0.00032162731283414347,371
3dfront_0145_01,raw_thr001,0.01,0.0,0,0,0,145x160x85,1.0,0.07805915921926498,0.07805915921926498,0.5639501571655265,470965,0.2388260649087221,1.0,1.0,1.0,326321,0.16547718052738336,0.6928773900395996,0.3071226099604004,1.4142135381698608,3.0,6.78233003616333,16.0,0.21421988308429718,0.5386691093444824,341,0.9973883409595193,0.9979361523680104,0.0,0
3dfront_0145_01,smooth075_thr001,0.01,0.75,0,0,0,145x160x85,1.0,0.07805915921926498,0.07805917412042618,0.48986358046531653,636696,0.322868154158215,0.9988003354814052,0.7388141279354669,0.738159090231475,235699,0.11952281947261663,0.37019079749205275,0.6298092025079473,3.0,6.082762718200684,7.874007701873779,16.0,0.08652261644601822,0.23604041188955302,87,0.9983964089612625,0.9990372171334514,0.0,0
3dfront_0145_01,smooth100_thr001,0.01,1.0,0,0,0,145x160x85,1.0,0.07805915921926498,0.07805918157100677,0.46564627736806796,681073,0.3453717038539554,0.9981654687715648,0.690235848433281,0.6893613339648678,216773,0.10992545638945234,0.3182815938966895,0.6817184061033106,3.464101552963257,7.071067810058594,8.246211051940918,16.0,0.06049753725528717,0.1585133135318756,29,0.9986682778498046,0.9993304682464288,0.0,0
3dfront_0145_01,smooth100_thr002,0.02,1.0,0,0,0,145x160x85,1.0,0.07805915921926498,0.07805918157100677,0.46564627736806796,629782,0.3193620689655172,0.992303037380697,0.7420663023077827,0.7378194431068807,219610,0.11136409736308317,0.348707965613498,0.6512920343865021,3.0,6.4031243324279785,8.485280990600586,16.0,0.07340586185455322,0.17562167197465892,38,0.9989107341905612,0.9994760091587248,0.0,0
3dfront_0145_01,smooth100_thr001_min64,0.01,1.0,0,0,64,145x160x85,1.0,0.07805915921926498,0.07805918157100677,0.46564627736806796,680695,0.34518002028397565,0.9977705349654433,0.6903458964734572,0.6892826496710647,216395,0.10973377281947262,0.3179030255841456,0.6820969744158544,3.464101552963257,7.071067810058594,8.602325439453125,16.0,0.06058294326066971,0.15859754532575598,29,0.9986682778498046,0.9993304682464288,0.0005550065851971815,378
3dfront_0145_01,smooth100_thr001_min256,0.01,1.0,0,0,256,145x160x85,1.0,0.07805915921926498,0.07805918157100677,0.46564627736806796,680166,0.34491176470588236,0.9973586147590585,0.6905975894119964,0.6893368163073627,215900,0.10948275862068965,0.31742251156335366,0.6825774884366463,3.464101552963257,7.071067810058594,8.66025447845459,16.0,0.060677897185087204,0.15868295505642888,29,0.9986682778498046,0.9993304682464288,0.0013317221501953536,907
3dfront_0145_01,smooth100_thr001_close1_min64,0.01,1.0,1,0,64,145x160x85,1.0,0.07805915921926498,0.07805918157100677,0.46564627736806796,621064,0.3149411764705882,0.8742772817512978,0.6629815928793168,0.6052758075778178,189363,0.09602586206896552,0.3049009441861064,0.6950990558138936,2.2360680103302,5.0,8.062257766723633,16.0,0.05908167362213135,0.15824981927871698,18,0.9991903159860277,0.9997955668592953,0.00026721182170854593,166
3dfront_0100_00,raw_thr001,0.01,0.0,0,0,0,134x160x102,1.0,0.06361741572618484,0.06361741572618484,0.422826102375984,507382,0.23201181592039802,1.0,1.0,1.0,315818,0.14441487415861867,0.6224462042405919,0.37755379575940806,1.7320507764816284,3.464101552963257,8.366600036621094,16.0,0.15206745266914368,0.472783775627612,344,0.9939572156678794,0.9974713332361022,0.0,0
3dfront_0100_00,smooth075_thr001,0.01,0.75,0,0,0,134x160x102,1.0,0.06361741572618484,0.06361743062734604,0.4051543414592742,639405,0.29238229806848115,0.9983621807632119,0.7922224568153204,0.7911941846444124,221305,0.10119668203102136,0.34611083741916315,0.6538891625808368,3.1622776985168457,7.280109882354736,9.273618698120117,16.0,0.06835611164569855,0.2021303713321685,98,0.9940288236720076,0.9982577552568404,0.0,0
3dfront_0100_00,smooth100_thr001,0.01,1.0,0,0,0,134x160x102,1.0,0.06361741572618484,0.06361743062734604,0.39635413885116555,673120,0.3077992390986245,0.9974930131537973,0.7518867363917281,0.7504685702084247,206293,0.09433210784313725,0.30647284288091275,0.6935271571190873,3.7416574954986572,8.246211051940918,9.539392471313477,16.0,0.05092489346861839,0.13847547173500055,36,0.994308592821488,0.9988709294033753,0.0,0
3dfront_0100_00,smooth100_thr002,0.02,1.0,0,0,0,134x160x102,1.0,0.06361741572618484,0.06361743062734604,0.39635413885116555,624932,0.28576419373719636,0.9901967353985754,0.8039402687012347,0.7975920216667248,208731,0.09544693810359965,0.33400593984625526,0.6659940601537447,3.1622776985168457,7.348469257354736,9.899495124816895,16.0,0.06004195287823677,0.1563965305685997,33,0.9933320745297088,0.998678256194274,0.0,0
3dfront_0100_00,smooth100_thr001_min64,0.01,1.0,0,0,64,134x160x102,1.0,0.06361741572618484,0.06361743062734604,0.39635413885116555,672752,0.3076309628328944,0.9971067164385019,0.7520066829975979,0.7503693156536442,205928,0.09416520339479076,0.30609793802173757,0.6939020619782624,3.7416574954986572,8.246211051940918,9.949873924255371,16.0,0.05100074037909508,0.1385381281375885,36,0.994308592821488,0.9988709294033753,0.0005467078678393154,368
3dfront_0100_00,smooth100_thr001_min256,0.01,1.0,0,0,256,134x160x102,1.0,0.06361741572618484,0.06361743062734604,0.39635413885116555,672141,0.3073515693590869,0.996633700052426,0.7523332157984709,0.7504262824460672,205363,0.09390684445419958,0.3055355944660421,0.6944644055339579,3.7416574954986572,8.246211051940918,10.198039054870605,16.0,0.051067519932985306,0.13863659501075742,36,0.994308592821488,0.9988709294033753,0.0014544212027573092,979
3dfront_0100_00,smooth100_thr001_close1_min64,0.01,1.0,1,0,64,134x160x102,1.0,0.06361741572618484,0.06361743062734604,0.39635413885116555,606237,0.27721548507462684,0.8650661631670024,0.7240056281619235,0.6505394990366089,184578,0.0844024363476734,0.3044650854368836,0.6955349145631164,2.2360680103302,5.0,9.273618698120117,16.0,0.05112534016370773,0.1429941676557064,18,0.994589326411541,0.9993024337312044,0.00025890757494302386,157
3dfront_0026_00,raw_thr001,0.01,0.0,0,0,0,160x151x87,1.0,0.06445200741291046,0.06445200741291046,0.3942725569009777,590663,0.28101117073913373,1.0,1.0,1.0,361328,0.1719037832077339,0.6117329170779277,0.38826708292207235,1.7320507764816284,4.123105525970459,5.4772257804870605,16.0,0.15899944305419922,0.48213661760091736,445,0.9930332524637568,0.995984173716654,0.0,0
3dfront_0026_00,smooth075_thr001,0.01,0.75,0,0,0,160x151x87,1.0,0.06445200741291046,0.06445200741291046,0.3603723317384718,746651,0.35522331963157494,0.9977889253262859,0.7893339726324615,0.787955724727491,268747,0.1278578632868996,0.35993657009767616,0.6400634299023238,3.1622776985168457,7.211102485656738,6.480740547180176,16.0,0.06747546792030334,0.19772916138172147,143,0.9946909600335364,0.9976213786628558,0.0,0
3dfront_0026_00,smooth100_thr001,0.01,1.0,0,0,0,160x151x87,1.0,0.06445200741291046,0.06445198506116867,0.3497826844453809,789551,0.3756332305701454,0.9960637453167034,0.745155157804879,0.7429673332693503,246677,0.11735793940777955,0.3124269363220362,0.6875730636779638,3.7416574954986572,8.124038696289062,7.0,16.0,0.049433283507823944,0.14391669929027548,52,0.9950642833711818,0.9981825113260575,0.0,0
3dfront_0026_00,smooth100_thr002,0.02,1.0,0,0,0,160x151x87,1.0,0.06445200741291046,0.06445198506116867,0.3497826844453809,720459,0.3427623315825531,0.9835456089174368,0.8063526168734099,0.7956196982105733,248879,0.11840555301819289,0.34544505655422447,0.6545549434457756,3.1622776985168457,7.280109882354736,7.071067810058594,16.0,0.05879601463675499,0.1555741980671882,52,0.9934944250817881,0.9967243104742949,0.0,0
3dfront_0026_00,smooth100_thr001_min64,0.01,1.0,0,0,64,160x151x87,1.0,0.06445200741291046,0.06445198506116867,0.3497826844453809,789060,0.3753996346197762,0.9955558414866007,0.7452386383798444,0.742767641170415,246188,0.11712529496840983,0.3120016221833574,0.6879983778166425,3.7416574954986572,8.124038696289062,7.071067810058594,16.0,0.04950930178165436,0.14400427788496017,52,0.9950642833711818,0.9981825113260575,0.0006218724312932287,491
3dfront_0026_00,smooth100_thr001_min256,0.01,1.0,0,0,256,160x151x87,1.0,0.06445200741291046,0.06445198506116867,0.3497826844453809,788116,0.3749505214280277,0.9948295390095536,0.745586944053921,0.7427088994779883,245336,0.11671995128263683,0.3112942764770668,0.6887057235229332,3.7416574954986572,8.124038696289062,7.141428470611572,16.0,0.04961521178483963,0.14419237151741982,52,0.9950642833711818,0.9981825113260575,0.001817488673942532,1435
3dfront_0026_00,smooth100_thr001_close1_min64,0.01,1.0,1,0,64,160x151x87,1.0,0.06445200741291046,0.06445198506116867,0.3497826844453809,718376,0.34177133287660805,0.8705234626174316,0.7157616624163391,0.6468944572141012,218127,0.10377511989038593,0.30363904139336506,0.6963609586066349,2.2360680103302,5.099019527435303,6.480740547180176,16.0,0.04850122705101967,0.14441757947206496,31,0.9953758206770255,0.9988185590595229,0.00033119310227743964,238
3dfront_0035_00,raw_thr001,0.01,0.0,0,0,0,151x160x140,1.0,0.06780734658241272,0.06780734658241272,0.42836435437202447,871396,0.25762653736991487,1.0,1.0,1.0,480066,0.14193058183538315,0.550916001450546,0.449083998549454,2.0,4.242640495300293,7.681145668029785,16.0,0.14452075958251953,0.4784984737634659,384,0.979730225982217,0.9964413423977159,0.0,0
3dfront_0035_00,smooth075_thr001,0.01,0.75,0,0,0,151x160x140,1.0,0.06780734658241272,0.0678073987364769,0.40580514818429947,1092632,0.32303453169347207,0.9989717648462926,0.7967000783429371,0.7960472891412017,358433,0.10597002128666036,0.32804549015588047,0.6719545098441195,3.1622776985168457,7.141428470611572,8.5440034866333,16.0,0.0628092885017395,0.19342439174652098,134,0.9768522247197593,0.9972369471148566,0.0,0
3dfront_0035_00,smooth100_thr001,0.01,1.0,0,0,0,151x160x140,1.0,0.06780734658241272,0.06780741363763809,0.395600327849388,1148437,0.33953317171239356,0.9978723794922171,0.7571525473317213,0.7559321945490315,331961,0.09814362582781457,0.28905460203737776,0.7109453979626222,3.605551242828369,8.062257766723633,8.83176040649414,16.0,0.04606377333402634,0.13244818150997162,64,0.9773030649482731,0.9984091421645245,0.0,0
3dfront_0035_00,smooth100_thr002,0.02,1.0,0,0,0,151x160x140,1.0,0.06780734658241272,0.06780741363763809,0.395600327849388,1054590,0.3117874881740776,0.9883761229108236,0.8166842090291013,0.8089148404414686,333058,0.09846795175023652,0.3158175215012469,0.6841824784987531,3.1622776985168457,7.348469257354736,9.0,16.0,0.054870810359716415,0.14685921072959898,62,0.9804151376364274,0.9980817189618715,0.0,0
3dfront_0035_00,smooth100_thr001_min64,0.01,1.0,0,0,64,151x160x140,1.0,0.06780734658241272,0.06780741363763809,0.395600327849388,1147836,0.3393554872280038,0.9974305596996085,0.7572135740645877,0.7557394082994587,331361,0.09796623699148534,0.2886832265236497,0.7113167734763504,3.605551242828369,8.062257766723633,9.0,16.0,0.04612993076443672,0.13251836597919464,64,0.9773030649482731,0.9984091421645245,0.0005233199557311372,601
3dfront_0035_00,smooth100_thr001_min256,0.01,1.0,0,0,256,151x160x140,1.0,0.06780734658241272,0.06780741363763809,0.395600327849388,1146874,0.3390710737937559,0.9969267703776469,0.7574659465643131,0.7557013514830125,330451,0.097697197256386,0.28813191335752664,0.7118680866424734,3.605551242828369,8.062257766723633,9.219544410705566,16.0,0.04621215537190437,0.13261006027460098,64,0.9773030649482731,0.9984091421645245,0.0013609801843723253,1563
3dfront_0035_00,smooth100_thr001_close1_min64,0.01,1.0,1,0,64,151x160x140,1.0,0.06780734658241272,0.06780741363763809,0.395600327849388,1074532,0.31768330179754023,0.9014271353093197,0.7310159213499459,0.6769054176562441,293570,0.08679340113528855,0.27320731257887154,0.7267926874211285,3.0,7.071067810058594,8.602325439453125,16.0,0.04538089781999588,0.13038117960095405,35,0.9766371487105819,0.9990324015235954,0.000273532646214364,294
3dfront_1015_02,raw_thr001,0.01,0.0,0,0,0,160x124x109,1.0,0.08356966823339462,0.08356966823339462,0.544636112451553,660139,0.3052581200059189,1.0,1.0,1.0,378290,0.17492693844332644,0.5730459797103338,0.4269540202896662,2.0,4.123105525970459,6.480740547180176,16.0,0.14880317449569702,0.4872841328382492,570,0.9966643388740856,0.9973384393286868,0.0,0
3dfront_1015_02,smooth075_thr001,0.01,0.75,0,0,0,160x124x109,1.0,0.08356966823339462,0.08356965333223343,0.4907116472721097,805610,0.37252608020124295,0.9975641493685421,0.8174315115254279,0.8158031659353483,258673,0.11961425347736017,0.32108960911607354,0.6789103908839265,3.605551242828369,7.6157732009887695,7.8102498054504395,16.0,0.06365528702735901,0.19398467838764188,171,0.9975620958031802,0.9985452017725699,0.0,0
3dfront_1015_02,smooth100_thr001,0.01,1.0,0,0,0,160x124x109,1.0,0.08356966823339462,0.08356969803571701,0.4736727386713027,841693,0.38921139760284107,0.9959266154552299,0.781104274361317,0.7786167871887368,235581,0.10893616824504292,0.27988946088419414,0.7201105391158058,4.123105525970459,8.66025447845459,8.246211051940918,16.0,0.04714406654238701,0.13563817739486694,45,0.9979363021909413,0.9990424061979843,0.0,0
3dfront_1015_02,smooth100_thr002,0.02,1.0,0,0,0,160x124x109,1.0,0.08356966823339462,0.08356969803571701,0.4736727386713027,778222,0.3598614604912696,0.9843790474430385,0.8350149443218002,0.8240950929192654,239223,0.11062028336786031,0.30739686104993175,0.6926031389500682,3.7416574954986572,7.8102498054504395,8.5440034866333,16.0,0.0553094819188118,0.15048352181911467,40,0.9990105651086708,0.9995592517302261,0.0,0
3dfront_1015_02,smooth100_thr001_min64,0.01,1.0,0,0,64,160x124x109,1.0,0.08356966823339462,0.08356969803571701,0.4736727386713027,841224,0.3889945250073986,0.9954509580558034,0.7811664907325516,0.7783878032803974,235112,0.10871929564960048,0.2794879841754396,0.7205120158245604,4.123105525970459,8.66025447845459,8.485280990600586,16.0,0.04722215235233307,0.13570326641201969,45,0.9979363021909413,0.9990424061979843,0.0005572102892622369,469
3dfront_1015_02,smooth100_thr001_min256,0.01,1.0,0,0,256,160x124x109,1.0,0.08356966823339462,0.08356969803571701,0.4736727386713027,840556,0.3886856318437408,0.9949843896512705,0.7814208690438234,0.7783548829377142,234482,0.1084279742527375,0.27896059275051277,0.7210394072494872,4.123105525970459,8.66025447845459,8.602325439453125,16.0,0.04730101674795151,0.13579917699098562,45,0.9979363021909413,0.9990424061979843,0.0013508488249278537,1137
3dfront_1015_02,smooth100_thr001_close1_min64,0.01,1.0,1,0,64,160x124x109,1.0,0.08356966823339462,0.08356969803571701,0.4736727386713027,768347,0.35529511319917134,0.8720042294122904,0.7491979535288092,0.6749714484042765,208909,0.0966026376146789,0.2718940791074866,0.7281059208925134,2.8284270763397217,7.0,8.0,16.0,0.04652624949812889,0.13838234245777123,19,0.9985271501396085,0.99960706655668,0.0003005550510162924,231
3dfront_0157_00,raw_thr001,0.01,0.0,0,0,0,150x156x160,1.0,0.08808936923742294,0.08808936923742294,0.5154693543910979,1329056,0.354982905982906,1.0,1.0,1.0,956669,0.25552056623931624,0.7198109033780368,0.28018909662196323,1.4142135381698608,3.0,3.605551242828369,13.34166431427002,0.14060817658901215,0.3978634059429168,1533,0.9829593335420027,0.9948158693087424,0.0,0
3dfront_0157_00,smooth075_thr001,0.01,0.75,0,0,0,150x156x160,1.0,0.08808936923742294,0.08808938413858414,0.44688205868005726,1763369,0.47098530982905984,0.9969617533046011,0.7514127786073136,0.7496960236097289,547294,0.146178952991453,0.31036839141438916,0.6896316085856109,3.1622776985168457,8.306623458862305,5.099019527435303,15.0,0.049836769700050354,0.14893503114581103,393,0.9830336134977988,0.9977764154864921,0.0,0
3dfront_0157_00,smooth100_thr001,0.01,1.0,0,0,0,150x156x160,1.0,0.08808936923742294,0.08808930963277817,0.42841755002737003,1851955,0.4946461004273504,0.9951311306671803,0.7141561215040322,0.71166944500346,476746,0.12733600427350428,0.25742850123248134,0.7425714987675187,4.0,10.049875259399414,5.830951690673828,15.81138801574707,0.03647170215845108,0.10835191048681736,135,0.9829245311036175,0.9981533028610307,0.0,0
3dfront_0157_00,smooth100_thr002,0.02,1.0,0,0,0,150x156x160,1.0,0.08808936923742294,0.08808930963277817,0.42841755002737003,1679590,0.44860844017094015,0.9811226915946356,0.7763603022166123,0.7649340433008208,493278,0.13175160256410257,0.2936895313737281,0.7063104686262719,3.316624879837036,8.66025447845459,5.830951690673828,16.0,0.04523634910583496,0.1222771074622869,123,0.9861972267041361,0.9975517834709662,0.0,0
3dfront_0157_00,smooth100_thr001_min64,0.01,1.0,0,0,64,150x156x160,1.0,0.08808936923742294,0.08808930963277817,0.42841755002737003,1850958,0.4943798076923077,0.9946811872486938,0.7142177186084179,0.7115004249130933,475750,0.12706997863247863,0.2570290627880265,0.7429709372119735,4.0,10.049875259399414,6.0,16.0,0.03653031215071678,0.10845924578607077,135,0.9829245311036175,0.9981533028610307,0.0005383500139042256,997
3dfront_0157_00,smooth100_thr001_min256,0.01,1.0,0,0,256,150x156x160,1.0,0.08808936923742294,0.08808930963277817,0.42841755002737003,1849224,0.49391666666666667,0.9940800086678063,0.7144553607350975,0.7114284052701751,474101,0.1266295405982906,0.25637835113539514,0.7436216488646048,4.0,10.049875259399414,6.164413928985596,16.0,0.03660205006599426,0.10863064974546432,135,0.9829245311036175,0.9981533028610307,0.0014746578615571113,2731
3dfront_0157_00,smooth100_thr001_close1_min64,0.01,1.0,1,0,64,150x156x160,1.0,0.08808936923742294,0.08808930963277817,0.42841755002737003,1812523,0.48411404914529915,0.9368634579731779,0.6869672826220687,0.656570881680627,376861,0.10065731837606838,0.2079206719031979,0.7920793280968021,3.7416574954986572,10.0,5.830951690673828,16.0,0.03573966398835182,0.11396549642086029,72,0.9832915682295439,0.9987087108786558,0.0002173293096153878,394
3dfront_0024_00,raw_thr001,0.01,0.0,0,0,0,119x160x109,1.0,0.11184518039226532,0.11184518039226532,0.7280356347560876,755017,0.3638004972631254,1.0,1.0,1.0,430811,0.2075837445069771,0.5705977481301745,0.4294022518698255,1.7320507764816284,4.0,6.082762718200684,16.0,0.17331759631633759,0.5026010274887085,460,0.9976437616636447,0.998858303852761,0.0,0
3dfront_0024_00,smooth075_thr001,0.01,0.75,0,0,0,119x160x109,1.0,0.11184518039226532,0.11184518784284592,0.6051845669746394,924681,0.44555209698558323,0.9980742155474644,0.8149437481682872,0.8136643145977638,258510,0.124561521856449,0.27956668299662263,0.7204333170033774,3.7416574954986572,7.8102498054504395,7.280109882354736,16.0,0.07081590592861176,0.20638479739427565,78,0.9980847449012146,0.9996420387138916,0.0,0
3dfront_0024_00,smooth100_thr001,0.01,1.0,0,0,0,119x160x109,1.0,0.11184518039226532,0.11184517294168472,0.5760003954172135,966003,0.46546285945570887,0.9975033674738449,0.77963733031885,0.7781189559122543,233048,0.11229280703106931,0.24124976837546053,0.7587502316245395,4.358899116516113,8.9442720413208,7.681145668029785,16.0,0.052173927426338196,0.145362664014101,20,0.9983633591200027,0.9999192549091462,0.0,0
3dfront_0024_00,smooth100_thr002,0.02,1.0,0,0,0,119x160x109,1.0,0.11184518039226532,0.11184517294168472,0.5760003954172135,904736,0.4359417161359957,0.9901286990888947,0.8262786050295334,0.8195275321232771,243217,0.11719267982422327,0.2688264864004527,0.7311735135995473,4.0,7.874007701873779,7.681145668029785,16.0,0.061736177653074265,0.15928075015544887,18,0.9986659091712942,0.9999425246701801,0.0,0
3dfront_0024_00,smooth100_thr001_min64,0.01,1.0,0,0,64,119x160x109,1.0,0.11184518039226532,0.11184517294168472,0.5760003954172135,965829,0.46537901857990904,0.9973748935454434,0.7796773548940859,0.7780806376451601,232874,0.11220896615526944,0.2411130748817855,0.7588869251182145,4.358899116516113,8.9442720413208,7.8102498054504395,16.0,0.05220716819167137,0.1453836292028427,20,0.9983633591200027,0.9999192549091462,0.00018012366421222295,174
3dfront_0024_00,smooth100_thr001_min256,0.01,1.0,0,0,256,119x160x109,1.0,0.11184518039226532,0.11184517294168472,0.5760003954172135,965829,0.46537901857990904,0.9973748935454434,0.7796773548940859,0.7780806376451601,232874,0.11220896615526944,0.2411130748817855,0.7588869251182145,4.358899116516113,8.9442720413208,7.8102498054504395,16.0,0.05220716819167137,0.1453836292028427,20,0.9983633591200027,0.9999192549091462,0.00018012366421222295,174
3dfront_0024_00,smooth100_thr001_close1_min64,0.01,1.0,1,0,64,119x160x109,1.0,0.11184518039226532,0.11184517294168472,0.5760003954172135,897413,0.43241317169069465,0.9007307120237028,0.7578082777940591,0.6993962131426227,201871,0.0972703530953666,0.22494771080873577,0.7750522891912642,3.0,7.0,7.071067810058594,16.0,0.05266120657324791,0.14903119206428528,9,0.9986851928198157,0.9999933145397618,6.351187226313971e-05,57
3dfront_0032_00,raw_thr001,0.01,0.0,0,0,0,160x135x84,1.0,0.07629044353961945,0.07629044353961945,0.4278670221567146,607650,0.3349041005291005,1.0,1.0,1.0,421730,0.2324349647266314,0.6940343947996379,0.3059656052003621,1.4142135381698608,3.1622776985168457,3.7416574954986572,14.0,0.13462859392166138,0.4318711325526237,409,0.9976730025508105,0.9983427960174442,0.0,0
3dfront_0032_00,smooth075_thr001,0.01,0.75,0,0,0,160x135x84,1.0,0.07629044353961945,0.07629046589136124,0.38674444556236187,833074,0.45914572310405644,0.9986620587509257,0.7284310877545092,0.7277209022325567,318087,0.1753125,0.38182322338711805,0.618176776612882,2.8284270763397217,5.4772257804870605,5.0,14.628738403320312,0.05547083169221878,0.1629911541938782,107,0.9990348996607744,0.9995162494568309,0.0,0
3dfront_0032_00,smooth100_thr001,0.01,1.0,0,0,0,160x135x84,1.0,0.07629044353961945,0.07629045099020004,0.3729722842574107,887007,0.4888707010582011,0.9975281823418086,0.683363265453373,0.6822080586690737,281068,0.15490961199294534,0.31687235839176014,0.6831276416082399,3.1622776985168457,6.480740547180176,5.196152210235596,14.866068840026855,0.03938852995634079,0.1112365823239087,28,0.9993833194101062,0.9998647135817418,0.0,0
3dfront_0032_00,smooth100_thr002,0.02,1.0,0,0,0,160x135x84,1.0,0.07629044353961945,0.07629045099020004,0.3729722842574107,800473,0.44117779982363314,0.9876425573932363,0.7497329703812621,0.7427653091281736,293203,0.1615977733686067,0.36628718270322674,0.6337128172967732,2.8284270763397217,5.830951690673828,5.099019527435303,15.066518783569336,0.0477665476500988,0.12738866955041872,31,0.9983409808950457,0.9995290284619219,0.0,0
3dfront_0032_00,smooth100_thr001_min64,0.01,1.0,0,0,64,160x135x84,1.0,0.07629044353961945,0.07629045099020004,0.3729722842574107,886810,0.48876212522045853,0.9973060149757261,0.6833628398416798,0.682103715809722,280871,0.15480103615520283,0.316720605315682,0.683279394684318,3.1622776985168457,6.480740547180176,5.385164737701416,15.099668502807617,0.0394095703959465,0.11125972494482994,28,0.9993833194101062,0.9998647135817418,0.00022209520330730196,197
3dfront_0032_00,smooth100_thr001_min256,0.01,1.0,0,0,256,160x135x84,1.0,0.07629044353961945,0.07629045099020004,0.3729722842574107,886460,0.48856922398589064,0.9970163745577224,0.6834341087020283,0.6820391929057846,280528,0.15461199294532627,0.31645872346185955,0.6835412765381405,3.1622776985168457,6.480740547180176,5.385164737701416,15.329710006713867,0.03943535313010216,0.11130407638847828,28,0.9993833194101062,0.9998647135817418,0.0006166805898938791,547
3dfront_0032_00,smooth100_thr001_close1_min64,0.01,1.0,1,0,64,160x135x84,1.0,0.07629044353961945,0.07629045099020004,0.3729722842574107,842008,0.4640696649029982,0.9033374475438164,0.6519094830452917,0.6093988864773049,226880,0.12504409171075836,0.2694511216045453,0.7305488783954547,3.0,6.0,5.0,15.0,0.03859271481633186,0.1138648696243762,16,0.9988517307753964,0.9999121283116642,0.00015318172696366506,129
3dfront_0027_00,raw_thr001,0.01,0.0,0,0,0,143x160x124,1.0,0.07920780777931213,0.07920780777931213,0.5070043295621867,820325,0.2891400434243176,1.0,1.0,1.0,594355,0.20949237254680803,0.7245360070703685,0.27546399292963153,1.4142135381698608,2.8284270763397217,5.0,16.0,0.17831461131572723,0.5014151751995085,1053,0.9937719806174382,0.9954127937098102,0.0,0
3dfront_0027_00,smooth075_thr001,0.01,0.75,0,0,0,143x160x124,1.0,0.07920780777931213,0.07920778542757034,0.4446827426552772,1098345,0.38713378355515454,0.9977143205436869,0.7451665915536557,0.7438966752104125,394201,0.13894407004286036,0.3589045336392481,0.6410954663607519,3.0,6.928203105926514,6.324555397033691,16.0,0.07264669984579086,0.21524490416049957,271,0.9970291666097628,0.9982956174972345,0.0,0
3dfront_0027_00,smooth100_thr001,0.01,1.0,0,0,0,143x160x124,1.0,0.07920780777931213,0.07920786738395691,0.42380717694759357,1166458,0.41114158019399955,0.9963221893761619,0.7006750350205494,0.6988674405181813,353545,0.12461404522896459,0.3030927817375336,0.6969072182624664,3.605551242828369,8.0,7.0,16.0,0.05283787101507187,0.14949262738227842,87,0.9979759236937806,0.9989343808349722,0.0,0
3dfront_0027_00,smooth100_thr002,0.02,1.0,0,0,0,143x160x124,1.0,0.07920780777931213,0.07920786738395691,0.42380717694759357,1067032,0.37609688698398375,0.9865638618840094,0.758461789337152,0.7507072929556404,363329,0.12806261279043538,0.3405043147721905,0.6594956852278095,3.0,7.071067810058594,7.071067810058594,16.0,0.06316214054822922,0.1625585883855819,72,0.9960226122553025,0.998661708364885,0.0,0
3dfront_0027_00,smooth100_thr001_min64,0.01,1.0,0,0,64,143x160x124,1.0,0.07920780777931213,0.07920786738395691,0.42380717694759357,1165569,0.4108282342657343,0.9957468076676926,0.700804499776504,0.6987129808786219,352657,0.12430105177080984,0.3025620962808723,0.6974379037191277,3.605551242828369,8.0,7.071067810058594,16.0,0.05294974893331528,0.14960962533950808,87,0.9979759236937806,0.9989343808349722,0.0007621363135235045,889
3dfront_0027_00,smooth100_thr001_min256,0.01,1.0,0,0,256,143x160x124,1.0,0.07920780777931213,0.07920786738395691,0.42380717694759357,1165064,0.41065023685991425,0.9955212872946698,0.7009494757369552,0.6987459978198707,352172,0.12413010376720054,0.3022769564590443,0.6977230435409557,3.605551242828369,8.0,7.141428470611572,16.0,0.053001463413238525,0.14966116249561315,87,0.9979759236937806,0.9989343808349722,0.001195070889822008,1394
3dfront_0027_00,smooth100_thr001_close1_min64,0.01,1.0,1,0,64,143x160x124,1.0,0.07920780777931213,0.07920786738395691,0.42380717694759357,1096434,0.3864602131739229,0.8928534422332612,0.668011024831408,0.6184345735011133,296622,0.10455038912700203,0.27053338367836094,0.729466616321639,3.0,6.0,6.7082037925720215,16.0,0.05196072533726692,0.14963163062930107,49,0.9989516491470526,0.9995697203455729,0.00048041817348109915,527
3dfront_0135_01,raw_thr001,0.01,0.0,0,0,0,160x160x131,1.0,0.04587255045771599,0.04587255045771599,0.27869874238967873,712495,0.2124567628816794,1.0,1.0,1.0,407529,0.12151985925572518,0.5719745401722117,0.4280254598277883,1.7320507764816284,4.690415859222412,7.348469257354736,16.0,0.12049582600593567,0.4043648898601529,482,0.9832714615541162,0.9932406543203812,0.0,0
3dfront_0135_01,smooth075_thr001,0.01,0.75,0,0,0,160x160x131,1.0,0.04587255045771599,0.045872561633586884,0.27659532576799395,912325,0.2720434756679389,0.9985038491498186,0.7797977694352342,0.7788876833688968,343875,0.1025390625,0.3769216014030088,0.6230783985969912,3.0,7.141428470611572,8.062257766723633,16.0,0.05643339827656746,0.16961948275566102,168,0.9836746773353794,0.9943123338722495,0.0,0
3dfront_0135_01,smooth100_thr001,0.01,1.0,0,0,0,160x160x131,1.0,0.04587255045771599,0.045872583985328674,0.2740690782666203,966770,0.288278268129771,0.9973066477659492,0.7350000517186094,0.7335439960606551,327275,0.09758915791984733,0.3385241577624461,0.661475842237554,3.1622776985168457,7.874007701873779,8.485280990600586,16.0,0.04181370884180069,0.12032254263758653,85,0.9835762384021018,0.9946636738831366,0.0,0
3dfront_0135_01,smooth100_thr002,0.02,1.0,0,0,0,160x160x131,1.0,0.04587255045771599,0.045872583985328674,0.2740690782666203,868668,0.2590255248091603,0.9857234085853234,0.8085056661463298,0.7991477402029948,318232,0.09489265267175573,0.366344794559026,0.633655205440974,3.0,7.280109882354736,8.83176040649414,16.0,0.050879210233688354,0.13595782145857813,87,0.9851001763619702,0.9954838902779888,0.0,0
3dfront_0135_01,smooth100_thr001_min64,0.01,1.0,0,0,64,160x160x131,1.0,0.04587255045771599,0.045872583985328674,0.2740690782666203,965799,0.28798872853053437,0.9965248878939501,0.7351622853202374,0.7332823836203558,326309,0.09730110925572519,0.33786429681538294,0.6621357031846171,3.1622776985168457,7.874007701873779,8.83176040649414,16.0,0.04190883785486221,0.12047011852264383,85,0.9835762384021018,0.9946636738831366,0.0010043753943543966,971
3dfront_0135_01,smooth100_thr001_min256,0.01,1.0,0,0,256,160x160x131,1.0,0.04587255045771599,0.045872583985328674,0.2740690782666203,963928,0.28743082061068703,0.9953978624411399,0.7357561975583239,0.7332618560452933,324624,0.0967986641221374,0.3367720410653078,0.6632279589346922,3.1622776985168457,7.874007701873779,9.219544410705566,16.0,0.042014919221401215,0.12068574242293832,85,0.9835762384021018,0.9946636738831366,0.0029396857577293463,2842
3dfront_0135_01,smooth100_thr001_close1_min64,0.01,1.0,1,0,64,160x160x131,1.0,0.04587255045771599,0.045872583985328674,0.2740690782666203,905684,0.27006321564885494,0.8966448887360613,0.7053839970674098,0.6523428405716596,287546,0.0857424856870229,0.3174904271246925,0.6825095728753074,2.4494898319244385,5.385164737701416,8.5440034866333,16.0,0.040571510791778564,0.120430588722229,54,0.984447593255952,0.9957998680147699,0.0005274994978822771,478
